category,segment,product,productid,iscompetehide,manufacturerid
Urban,Convenience,Maximus UC-01,536,N,7
Urban,Convenience,Maximus UC-02,537,N,7
Urban,Convenience,Maximus UC-03,538,N,7
Urban,Convenience,Maximus UC-04,539,N,7
Urban,Convenience,Maximus UC-05,540,N,7
Urban,Convenience,Maximus UC-06,541,N,7
Urban,Convenience,Maximus UC-07,542,N,7
Urban,Convenience,Maximus UC-08,543,N,7
Urban,Convenience,Maximus UC-09,544,N,7
Urban,Convenience,Maximus UC-10,545,N,7
Urban,Convenience,Maximus UC-11,546,N,7
Urban,Convenience,Maximus UC-12,547,N,7
Urban,Convenience,Maximus UC-13,548,N,7
Urban,Convenience,Maximus UC-14,549,N,7
Urban,Convenience,Maximus UC-15,550,N,7
Urban,Convenience,Maximus UC-16,551,N,7
Urban,Convenience,Maximus UC-17,552,N,7
Urban,Convenience,Maximus UC-18,553,N,7
Urban,Convenience,Maximus UC-19,554,N,7
Urban,Convenience,Maximus UC-20,555,N,7
Urban,Convenience,Maximus UC-21,556,N,7
Urban,Convenience,Maximus UC-22,557,N,7
Urban,Convenience,Maximus UC-23,558,N,7
Urban,Convenience,Maximus UC-24,559,N,7
Urban,Convenience,Maximus UC-25,560,N,7
Urban,Convenience,Maximus UC-26,561,N,7
Urban,Convenience,Maximus UC-27,562,N,7
Urban,Convenience,Maximus UC-28,563,N,7
Urban,Convenience,Maximus UC-29,564,N,7
Urban,Convenience,Maximus UC-30,565,N,7
Urban,Convenience,Maximus UC-31,566,N,7
Urban,Convenience,Maximus UC-32,567,N,7
Urban,Convenience,Maximus UC-33,568,N,7
Urban,Convenience,Maximus UC-34,569,N,7
Urban,Convenience,Maximus UC-35,570,N,7
Urban,Convenience,Maximus UC-36,571,N,7
Urban,Convenience,Maximus UC-37,572,N,7
Urban,Convenience,Maximus UC-38,573,N,7
Urban,Convenience,Maximus UC-39,574,N,7
Urban,Convenience,Maximus UC-40,575,N,7
Urban,Convenience,Maximus UC-41,576,N,7
Urban,Convenience,Maximus UC-42,577,N,7
Urban,Convenience,Maximus UC-43,578,N,7
Urban,Convenience,Maximus UC-44,579,N,7
Urban,Convenience,Maximus UC-45,580,N,7
Urban,Convenience,Maximus UC-46,581,N,7
Urban,Convenience,Maximus UC-47,582,N,7
Urban,Convenience,Maximus UC-48,583,N,7
Urban,Convenience,Maximus UC-49,584,N,7
Urban,Convenience,Maximus UC-50,585,N,7
Urban,Convenience,Maximus UC-51,586,N,7
Urban,Convenience,Maximus UC-52,587,N,7
Urban,Convenience,Maximus UC-53,588,N,7
Urban,Convenience,Maximus UC-54,589,N,7
Urban,Convenience,Maximus UC-55,590,N,7
Urban,Convenience,Maximus UC-56,591,N,7
Urban,Convenience,Maximus UC-57,592,N,7
Urban,Convenience,Maximus UC-58,593,N,7
Urban,Convenience,Maximus UC-59,594,N,7
Urban,Convenience,Maximus UC-60,595,N,7
Urban,Convenience,Maximus UC-61,596,N,7
Urban,Convenience,Maximus UC-62,597,N,7
Urban,Convenience,Maximus UC-63,598,N,7
Urban,Convenience,Maximus UC-64,599,N,7
Urban,Convenience,Maximus UC-65,600,N,7
Urban,Convenience,Maximus UC-66,601,N,7
Urban,Convenience,Maximus UC-67,602,N,7
Urban,Convenience,Maximus UC-68,603,N,7
Urban,Convenience,Maximus UC-69,604,N,7
Urban,Convenience,Maximus UC-70,605,N,7
Urban,Convenience,Maximus UC-71,606,N,7
Urban,Convenience,Maximus UC-72,607,N,7
Urban,Convenience,Maximus UC-73,608,N,7
Urban,Convenience,Maximus UC-74,609,N,7
Urban,Convenience,Maximus UC-75,610,N,7
Urban,Convenience,Maximus UC-76,611,N,7
Urban,Convenience,Maximus UC-77,612,N,7
Urban,Convenience,Maximus UC-78,613,N,7
Urban,Convenience,Maximus UC-79,614,N,7
Urban,Convenience,Maximus UC-80,615,N,7
Urban,Convenience,Maximus UC-81,616,N,7
Urban,Convenience,Maximus UC-82,617,N,7
Urban,Convenience,Maximus UC-83,618,N,7
Urban,Convenience,Maximus UC-84,619,N,7
Urban,Convenience,Maximus UC-85,620,N,7
Urban,Convenience,Maximus UC-86,621,N,7
Urban,Convenience,Maximus UC-87,622,N,7
Urban,Convenience,Maximus UC-88,623,N,7
Urban,Convenience,Maximus UC-89,624,N,7
Urban,Convenience,Maximus UC-90,625,N,7
Urban,Convenience,Maximus UC-91,626,N,7
Urban,Convenience,Maximus UC-92,627,N,7
Urban,Convenience,Maximus UC-93,628,N,7
Urban,Convenience,Maximus UC-94,629,N,7
Urban,Convenience,Maximus UC-95,630,N,7
Urban,Convenience,Maximus UC-96,631,N,7
Urban,Convenience,Maximus UC-97,632,N,7
Urban,Convenience,Maximus UC-98,633,N,7
Urban,Convenience,Maximus UC-99,634,N,7
Urban,Convenience,Maximus UC-00,635,N,7
Urban,Convenience,Maximus UC-01,636,N,7
Urban,Convenience,Maximus UC-02,637,N,7
Urban,Convenience,Maximus UC-03,638,N,7
Urban,Convenience,Maximus UC-04,639,N,7
Urban,Convenience,Maximus UC-05,640,N,7
Urban,Convenience,Maximus UC-06,641,N,7
Urban,Convenience,Maximus UC-07,642,N,7
Urban,Convenience,Maximus UC-08,643,N,7
Urban,Convenience,Maximus UC-09,644,N,7
Urban,Convenience,Maximus UC-10,645,N,7
Urban,Convenience,Maximus UC-11,646,N,7
Urban,Convenience,Maximus UC-12,647,N,7
Urban,Convenience,Maximus UC-13,648,N,7
Urban,Convenience,Maximus UC-14,649,N,7
Urban,Convenience,Maximus UC-15,650,N,7
Urban,Convenience,Maximus UC-16,651,N,7
Urban,Convenience,Maximus UC-17,652,N,7
Urban,Convenience,Maximus UC-18,653,N,7
Urban,Convenience,Maximus UC-19,654,N,7
Urban,Convenience,Maximus UC-20,655,N,7
Urban,Convenience,Maximus UC-21,656,N,7
Urban,Convenience,Maximus UC-22,657,N,7
Urban,Convenience,Maximus UC-23,658,N,7
Urban,Convenience,Maximus UC-24,659,N,7
Urban,Convenience,Maximus UC-25,660,N,7
Urban,Convenience,Maximus UC-26,661,N,7
Urban,Convenience,Maximus UC-27,662,N,7
Urban,Convenience,Maximus UC-28,663,N,7
Urban,Convenience,Maximus UC-29,664,N,7
Urban,Convenience,Maximus UC-30,665,N,7
Urban,Convenience,Maximus UC-31,666,N,7
Urban,Convenience,Maximus UC-32,667,N,7
Urban,Convenience,Maximus UC-33,668,N,7
Urban,Convenience,Maximus UC-34,669,N,7
Urban,Convenience,Maximus UC-35,670,N,7
Urban,Convenience,Maximus UC-36,671,N,7
Urban,Convenience,Maximus UC-37,672,N,7
Urban,Convenience,Maximus UC-38,673,N,7
Urban,Convenience,Maximus UC-39,674,N,7
Urban,Convenience,Maximus UC-40,675,N,7
Urban,Convenience,Maximus UC-41,676,N,7
Urban,Convenience,Maximus UC-42,677,N,7
Urban,Convenience,Maximus UC-43,678,N,7
Urban,Convenience,Maximus UC-44,679,N,7
Urban,Convenience,Maximus UC-45,680,N,7
Urban,Convenience,Maximus UC-46,681,N,7
Urban,Convenience,Maximus UC-47,682,N,7
Urban,Convenience,Maximus UC-48,683,N,7
Urban,Convenience,Maximus UC-49,684,N,7
Urban,Convenience,Maximus UC-50,685,N,7
Urban,Convenience,Maximus UC-51,686,N,7
Urban,Convenience,Maximus UC-52,687,N,7
Urban,Convenience,Maximus UC-53,688,N,7
Urban,Convenience,Maximus UC-54,689,N,7
Urban,Convenience,Maximus UC-55,690,N,7
Urban,Convenience,Maximus UC-56,691,N,7
Urban,Convenience,Maximus UC-57,692,N,7
Urban,Convenience,Maximus UC-58,693,N,7
Urban,Convenience,Abbas UC-01,189,N,1
Urban,Convenience,Abbas UC-02,190,N,1
Urban,Convenience,Abbas UC-03,191,N,1
Urban,Convenience,Abbas UC-04,192,N,1
Urban,Convenience,Abbas UC-05,193,N,1
Urban,Convenience,Abbas UC-06,194,N,1
Urban,Convenience,Abbas UC-07,195,N,1
Urban,Convenience,Abbas UC-08,196,N,1
Urban,Convenience,Fama UC-01,387,N,5
Urban,Convenience,Fama UC-02,388,N,5
Urban,Convenience,Fama UC-03,389,N,5
Urban,Convenience,Fama UC-04,390,N,5
Urban,Convenience,Fama UC-05,391,N,5
Urban,Convenience,Natura UC-01,938,N,8
Urban,Convenience,Natura UC-02,939,N,8
Urban,Convenience,Natura UC-03,940,N,8
Urban,Convenience,Natura UC-04,941,N,8
Urban,Convenience,Natura UC-05,942,N,8
Urban,Convenience,Natura UC-06,943,N,8
Urban,Convenience,Natura UC-07,944,N,8
Urban,Convenience,Natura UC-08,945,N,8
Urban,Convenience,Natura UC-09,946,N,8
Urban,Convenience,Natura UC-10,947,N,8
Urban,Convenience,Natura UC-11,948,N,8
Urban,Convenience,Natura UC-12,949,N,8
Urban,Convenience,Natura UC-13,950,N,8
Urban,Convenience,Natura UC-14,951,N,8
Urban,Convenience,Natura UC-15,952,N,8
Urban,Convenience,Natura UC-16,953,N,8
Urban,Convenience,Natura UC-17,954,N,8
Urban,Convenience,Natura UC-18,955,N,8
Urban,Convenience,Natura UC-19,956,N,8
Urban,Convenience,Natura UC-20,957,N,8
Urban,Convenience,Natura UC-21,958,N,8
Urban,Convenience,Natura UC-22,959,N,8
Urban,Convenience,Natura UC-23,960,N,8
Urban,Convenience,Natura UC-24,961,N,8
Urban,Convenience,Natura UC-25,962,N,8
Urban,Convenience,Natura UC-26,963,N,8
Urban,Convenience,Natura UC-27,964,N,8
Urban,Convenience,Natura UC-28,965,N,8
Urban,Convenience,Natura UC-29,966,N,8
Urban,Convenience,Natura UC-30,967,N,8
Urban,Convenience,Natura UC-31,968,N,8
Urban,Convenience,Natura UC-32,969,N,8
Urban,Convenience,Natura UC-33,970,N,8
Urban,Convenience,Natura UC-34,971,N,8
Urban,Convenience,Natura UC-35,972,N,8
Urban,Convenience,Natura UC-36,973,N,8
Urban,Convenience,Natura UC-37,974,N,8
Urban,Convenience,Natura UC-38,975,N,8
Urban,Convenience,Natura UC-39,976,N,8
Urban,Convenience,Natura UC-40,977,N,8
Urban,Convenience,Natura UC-41,978,N,8
Urban,Convenience,Natura UC-42,979,N,8
Urban,Convenience,Natura UC-43,980,N,8
Urban,Convenience,Natura UC-44,981,N,8
Urban,Convenience,Natura UC-45,982,N,8
Urban,Convenience,Natura UC-46,983,N,8
Urban,Convenience,Natura UC-47,984,N,8
Urban,Convenience,Natura UC-48,985,N,8
Urban,Convenience,Natura UC-49,986,N,8
Urban,Convenience,Natura UC-50,987,N,8
Urban,Convenience,Natura UC-51,988,N,8
Urban,Convenience,Natura UC-52,989,N,8
Urban,Convenience,Natura UC-53,990,N,8
Urban,Convenience,Natura UC-54,991,N,8
Urban,Convenience,Natura UC-55,992,N,8
Urban,Convenience,Natura UC-56,993,N,8
Urban,Convenience,Natura UC-57,994,N,8
Urban,Convenience,Natura UC-58,995,N,8
Urban,Convenience,Natura UC-59,996,N,8
Urban,Convenience,Natura UC-60,997,N,8
Urban,Convenience,Natura UC-61,998,N,8
Urban,Convenience,Natura UC-62,999,N,8
Urban,Convenience,Palma UC-01,1029,N,9
Urban,Convenience,Palma UC-02,1030,N,9
Urban,Convenience,Palma UC-03,1031,N,9
Urban,Convenience,Palma UC-04,1032,N,9
Urban,Convenience,Palma UC-05,1033,N,9
Urban,Convenience,Palma UC-06,1034,N,9
Urban,Convenience,Palma UC-07,1035,N,9
Urban,Convenience,Palma UC-08,1036,N,9
Urban,Convenience,Palma UC-09,1037,N,9
Urban,Convenience,Palma UC-10,1038,N,9
Urban,Convenience,Palma UC-11,1039,N,9
Urban,Convenience,Palma UC-12,1040,N,9
Urban,Convenience,Palma UC-13,1041,N,9
Urban,Convenience,Palma UC-14,1042,N,9
Urban,Convenience,Pirum UC-01,1199,N,10
Urban,Convenience,Pirum UC-02,1200,N,10
Urban,Convenience,Pirum UC-03,1201,N,10
Urban,Convenience,Pirum UC-04,1202,N,10
Urban,Convenience,Pirum UC-05,1203,N,10
Urban,Convenience,Pirum UC-06,1204,N,10
Urban,Convenience,Pirum UC-07,1205,N,10
Urban,Convenience,Pirum UC-08,1206,N,10
Urban,Convenience,Pirum UC-09,1207,N,10
Urban,Convenience,Pirum UC-10,1208,N,10
Urban,Convenience,Pirum UC-11,1209,N,10
Urban,Convenience,Pirum UC-12,1210,N,10
Urban,Convenience,Pirum UC-13,1211,N,10
Urban,Convenience,Pirum UC-14,1212,N,10
Urban,Convenience,Pirum UC-15,1213,N,10
Urban,Convenience,Pirum UC-16,1214,N,10
Urban,Convenience,Pirum UC-17,1215,N,10
Urban,Convenience,Pirum UC-18,1216,N,10
Urban,Convenience,Pirum UC-19,1217,N,10
Urban,Convenience,Pirum UC-20,1218,N,10
Urban,Convenience,Pirum UC-21,1219,N,10
Urban,Convenience,Pirum UC-22,1220,N,10
Urban,Convenience,Pirum UC-23,1221,N,10
Urban,Convenience,Pirum UC-24,1222,N,10
Urban,Convenience,Pirum UC-25,1223,N,10
Urban,Convenience,Pirum UC-26,1224,N,10
Urban,Convenience,Pirum UC-27,1225,N,10
Urban,Convenience,Pirum UC-28,1226,N,10
Urban,Convenience,Pirum UC-29,1227,N,10
Urban,Convenience,Pirum UC-30,1228,N,10
Urban,Convenience,Pirum UC-31,1229,N,10
Urban,Convenience,Pirum UC-32,1230,N,10
Urban,Convenience,Pirum UC-33,1231,N,10
Urban,Convenience,Pirum UC-34,1232,N,10
Urban,Convenience,Salvus UC-01,1689,N,13
Urban,Convenience,Pomum UC-01,1795,N,11
Urban,Convenience,Pomum UC-02,1796,N,11
Urban,Convenience,Pomum UC-03,1797,N,11
Urban,Convenience,Pomum UC-04,1798,N,11
Urban,Convenience,Pomum UC-05,1799,N,11
Urban,Convenience,Pomum UC-06,1800,N,11
Urban,Convenience,Pomum UC-07,1801,N,11
Urban,Convenience,Pomum UC-08,1802,N,11
Urban,Convenience,Pomum UC-09,1803,N,11
Urban,Convenience,Pomum UC-10,1804,N,11
Urban,Convenience,Pomum UC-11,1805,N,11
Urban,Convenience,Leo UC-01,1882,N,6
Urban,Convenience,Leo UC-02,1883,N,6
Urban,Convenience,Leo UC-03,1884,N,6
Urban,Convenience,Leo UC-04,1885,N,6
Urban,Convenience,Leo UC-05,1886,N,6
Urban,Convenience,Leo UC-06,1887,N,6
Urban,Convenience,Leo UC-07,1888,N,6
Urban,Convenience,Leo UC-08,1889,N,6
Urban,Convenience,Leo UC-09,1890,N,6
Urban,Convenience,Leo UC-10,1891,N,6
Urban,Convenience,Leo UC-11,1892,N,6
Urban,Convenience,Leo UC-12,1893,N,6
Urban,Convenience,Leo UC-13,1894,N,6
Urban,Convenience,Leo UC-14,1895,N,6
Urban,Convenience,Leo UC-15,1896,N,6
Urban,Convenience,Leo UC-16,1897,N,6
Urban,Convenience,Leo UC-17,1898,N,6
Urban,Convenience,Leo UC-18,1899,N,6
Urban,Convenience,Leo UC-19,1900,N,6
Urban,Convenience,Leo UC-20,1901,N,6
Urban,Convenience,Leo UC-21,1902,N,6
Urban,Convenience,Leo UC-22,1903,N,6
Urban,Convenience,Leo UC-23,1904,N,6
Urban,Convenience,Leo UC-24,1905,N,6
Urban,Convenience,Leo UC-25,1906,N,6
Urban,Convenience,Leo UC-26,1907,N,6
Urban,Convenience,Currus UC-01,2066,N,4
Urban,Convenience,Currus UC-02,2067,N,4
Urban,Convenience,Currus UC-03,2068,N,4
Urban,Convenience,Currus UC-04,2069,N,4
Urban,Convenience,Currus UC-05,2070,N,4
Urban,Convenience,Currus UC-06,2071,N,4
Urban,Convenience,Currus UC-07,2072,N,4
Urban,Convenience,Currus UC-08,2073,N,4
Urban,Convenience,Currus UC-09,2074,N,4
Urban,Convenience,Currus UC-10,2075,N,4
Urban,Convenience,Currus UC-11,2076,N,4
Urban,Convenience,Currus UC-12,2077,N,4
Urban,Convenience,Currus UC-13,2078,N,4
Urban,Convenience,Currus UC-14,2079,N,4
Urban,Convenience,Currus UC-15,2080,N,4
Urban,Convenience,Currus UC-16,2081,N,4
Urban,Convenience,Currus UC-17,2082,N,4
Urban,Convenience,Currus UC-18,2083,N,4
Urban,Convenience,Currus UC-19,2084,N,4
Urban,Convenience,Currus UC-20,2085,N,4
Urban,Convenience,Currus UC-21,2086,N,4
Urban,Convenience,Currus UC-22,2087,N,4
Urban,Convenience,Currus UC-23,2088,N,4
Urban,Convenience,Currus UC-24,2089,N,4
Urban,Convenience,Currus UC-25,2090,N,4
Urban,Convenience,Currus UC-26,2091,N,4
Urban,Convenience,Currus UC-27,2092,N,4
Urban,Convenience,Currus UC-28,2093,N,4
Urban,Convenience,Currus UC-29,2094,N,4
Urban,Convenience,Currus UC-30,2095,N,4
Urban,Convenience,Currus UC-31,2096,N,4
Urban,Convenience,Victoria UC-01,2171,N,14
Urban,Convenience,Victoria UC-02,2172,N,14
Urban,Convenience,Victoria UC-03,2173,N,14
Urban,Convenience,Victoria UC-04,2174,N,14
Urban,Convenience,Victoria UC-05,2175,N,14
Urban,Convenience,Victoria UC-06,2176,N,14
Urban,Convenience,Victoria UC-07,2177,N,14
Urban,Convenience,Victoria UC-08,2178,N,14
Urban,Convenience,Victoria UC-09,2179,N,14
Urban,Convenience,Victoria UC-10,2180,N,14
Urban,Convenience,Victoria UC-11,2181,N,14
Urban,Convenience,Victoria UC-12,2182,N,14
Urban,Convenience,Victoria UC-13,2183,N,14
Urban,Convenience,Victoria UC-14,2184,N,14
Urban,Convenience,Victoria UC-15,2185,N,14
Urban,Convenience,Victoria UC-16,2186,N,14
Urban,Convenience,Aliqui UC-01,2353,N,2
Urban,Convenience,Aliqui UC-02,2354,N,2
Urban,Convenience,Aliqui UC-03,2355,N,2
Urban,Convenience,Aliqui UC-04,2356,N,2
Urban,Convenience,Aliqui UC-05,2357,N,2
Urban,Convenience,Aliqui UC-06,2358,N,2
Urban,Convenience,Aliqui UC-07,2359,N,2
Urban,Convenience,Aliqui UC-08,2360,N,2
Urban,Convenience,Aliqui UC-09,2361,N,2
Urban,Convenience,Aliqui UC-10,2362,N,2
Urban,Convenience,Aliqui UC-11,2363,N,2
Urban,Convenience,Aliqui UC-12,2364,N,2
Urban,Convenience,Aliqui UC-13,2365,N,2
Urban,Convenience,Aliqui UC-14,2366,N,2
Urban,Convenience,Aliqui UC-15,2367,N,2
Urban,Convenience,Aliqui UC-16,2368,N,2
Urban,Convenience,Aliqui UC-17,2369,N,2
Urban,Convenience,Aliqui UC-18,2370,N,2
Urban,Convenience,Aliqui UC-19,2371,N,2
Urban,Convenience,Aliqui UC-20,2372,N,2
Urban,Convenience,Aliqui UC-21,2373,N,2
Urban,Convenience,Aliqui UC-22,2374,N,2
Urban,Convenience,Aliqui UC-23,2375,N,2
Urban,Convenience,Aliqui UC-24,2376,N,2
Urban,Convenience,Aliqui UC-25,2377,N,2
Urban,Convenience,Aliqui UC-26,2378,N,2
Urban,Convenience,Aliqui UC-27,2379,N,2
Urban,Convenience,Aliqui UC-28,2380,N,2
Urban,Convenience,Aliqui UC-29,2381,N,2
Urban,Convenience,Aliqui UC-30,2382,N,2
Urban,Convenience,Aliqui UC-31,2383,N,2
Urban,Convenience,Aliqui UC-32,2384,N,2
Urban,Convenience,Aliqui UC-33,2385,N,2
Urban,Convenience,Aliqui UC-34,2386,N,2
Urban,Convenience,Aliqui UC-35,2387,N,2
Urban,Convenience,Aliqui UC-36,2388,N,2
Urban,Convenience,Aliqui UC-37,2389,N,2
Urban,Convenience,Aliqui UC-38,2390,N,2
Urban,Convenience,Aliqui UC-39,2391,N,2
Urban,Extreme,Abbas UE-01,173,N,1
Urban,Extreme,Abbas UE-02,174,N,1
Urban,Extreme,Abbas UE-03,175,N,1
Urban,Extreme,Abbas UE-04,176,N,1
Urban,Extreme,Abbas UE-05,177,N,1
Urban,Extreme,Abbas UE-06,178,N,1
Urban,Extreme,Abbas UE-07,179,N,1
Urban,Extreme,Abbas UE-08,180,N,1
Urban,Extreme,Abbas UE-09,181,N,1
Urban,Extreme,Abbas UE-10,182,N,1
Urban,Extreme,Abbas UE-11,183,N,1
Urban,Extreme,Abbas UE-12,184,N,1
Urban,Extreme,Abbas UE-13,185,N,1
Urban,Extreme,Abbas UE-14,186,N,1
Urban,Extreme,Abbas UE-15,187,N,1
Urban,Extreme,Abbas UE-16,188,N,1
Urban,Extreme,Maximus UE-01,513,N,7
Urban,Extreme,Maximus UE-02,514,N,7
Urban,Extreme,Maximus UE-03,515,N,7
Urban,Extreme,Maximus UE-04,516,N,7
Urban,Extreme,Maximus UE-05,517,N,7
Urban,Extreme,Maximus UE-06,518,N,7
Urban,Extreme,Maximus UE-07,519,N,7
Urban,Extreme,Maximus UE-08,520,N,7
Urban,Extreme,Maximus UE-09,521,N,7
Urban,Extreme,Maximus UE-10,522,N,7
Urban,Extreme,Maximus UE-11,523,N,7
Urban,Extreme,Maximus UE-12,524,N,7
Urban,Extreme,Maximus UE-13,525,N,7
Urban,Extreme,Maximus UE-14,526,N,7
Urban,Extreme,Maximus UE-15,527,N,7
Urban,Extreme,Maximus UE-16,528,N,7
Urban,Extreme,Maximus UE-17,529,N,7
Urban,Extreme,Maximus UE-18,530,N,7
Urban,Extreme,Maximus UE-19,531,N,7
Urban,Extreme,Maximus UE-20,532,N,7
Urban,Extreme,Maximus UE-21,533,N,7
Urban,Extreme,Maximus UE-22,534,N,7
Urban,Extreme,Maximus UE-23,535,N,7
Urban,Extreme,Natura UE-01,892,N,8
Urban,Extreme,Natura UE-02,893,N,8
Urban,Extreme,Natura UE-03,894,N,8
Urban,Extreme,Natura UE-04,895,N,8
Urban,Extreme,Natura UE-05,896,N,8
Urban,Extreme,Natura UE-06,897,N,8
Urban,Extreme,Natura UE-07,898,N,8
Urban,Extreme,Natura UE-08,899,N,8
Urban,Extreme,Natura UE-09,900,N,8
Urban,Extreme,Natura UE-10,901,N,8
Urban,Extreme,Natura UE-11,902,N,8
Urban,Extreme,Natura UE-12,903,N,8
Urban,Extreme,Natura UE-13,904,N,8
Urban,Extreme,Natura UE-14,905,N,8
Urban,Extreme,Natura UE-15,906,N,8
Urban,Extreme,Natura UE-16,907,N,8
Urban,Extreme,Natura UE-17,908,N,8
Urban,Extreme,Natura UE-18,909,N,8
Urban,Extreme,Natura UE-19,910,N,8
Urban,Extreme,Natura UE-20,911,N,8
Urban,Extreme,Natura UE-21,912,N,8
Urban,Extreme,Natura UE-22,913,N,8
Urban,Extreme,Natura UE-23,914,N,8
Urban,Extreme,Natura UE-24,915,N,8
Urban,Extreme,Natura UE-25,916,N,8
Urban,Extreme,Natura UE-26,917,N,8
Urban,Extreme,Natura UE-27,918,N,8
Urban,Extreme,Natura UE-28,919,N,8
Urban,Extreme,Natura UE-29,920,N,8
Urban,Extreme,Natura UE-30,921,N,8
Urban,Extreme,Natura UE-31,922,N,8
Urban,Extreme,Natura UE-32,923,N,8
Urban,Extreme,Natura UE-33,924,N,8
Urban,Extreme,Natura UE-34,925,N,8
Urban,Extreme,Natura UE-35,926,N,8
Urban,Extreme,Natura UE-36,927,N,8
Urban,Extreme,Natura UE-37,928,N,8
Urban,Extreme,Natura UE-38,929,N,8
Urban,Extreme,Natura UE-39,930,N,8
Urban,Extreme,Natura UE-40,931,N,8
Urban,Extreme,Natura UE-41,932,N,8
Urban,Extreme,Natura UE-42,933,N,8
Urban,Extreme,Natura UE-43,934,N,8
Urban,Extreme,Natura UE-44,935,N,8
Urban,Extreme,Natura UE-45,936,N,8
Urban,Extreme,Natura UE-46,937,N,8
Urban,Extreme,Pirum UE-01,1165,N,10
Urban,Extreme,Pirum UE-02,1166,N,10
Urban,Extreme,Pirum UE-03,1167,N,10
Urban,Extreme,Pirum UE-04,1168,N,10
Urban,Extreme,Pirum UE-05,1169,N,10
Urban,Extreme,Pirum UE-06,1170,N,10
Urban,Extreme,Pirum UE-07,1171,N,10
Urban,Extreme,Pirum UE-08,1172,N,10
Urban,Extreme,Pirum UE-09,1173,N,10
Urban,Extreme,Pirum UE-10,1174,N,10
Urban,Extreme,Pirum UE-11,1175,N,10
Urban,Extreme,Pirum UE-12,1176,N,10
Urban,Extreme,Pirum UE-13,1177,N,10
Urban,Extreme,Pirum UE-14,1178,N,10
Urban,Extreme,Pirum UE-15,1179,N,10
Urban,Extreme,Pirum UE-16,1180,N,10
Urban,Extreme,Pirum UE-17,1181,N,10
Urban,Extreme,Pirum UE-18,1182,N,10
Urban,Extreme,Pirum UE-19,1183,N,10
Urban,Extreme,Pirum UE-20,1184,N,10
Urban,Extreme,Pirum UE-21,1185,N,10
Urban,Extreme,Pirum UE-22,1186,N,10
Urban,Extreme,Pirum UE-23,1187,N,10
Urban,Extreme,Pirum UE-24,1188,N,10
Urban,Extreme,Pirum UE-25,1189,N,10
Urban,Extreme,Pirum UE-26,1190,N,10
Urban,Extreme,Pirum UE-27,1191,N,10
Urban,Extreme,Pirum UE-28,1192,N,10
Urban,Extreme,Pirum UE-29,1193,N,10
Urban,Extreme,Pirum UE-30,1194,N,10
Urban,Extreme,Pirum UE-31,1195,N,10
Urban,Extreme,Pirum UE-32,1196,N,10
Urban,Extreme,Pirum UE-33,1197,N,10
Urban,Extreme,Pirum UE-34,1198,N,10
Urban,Extreme,Quibus UE-01,1671,N,12
Urban,Extreme,Quibus UE-02,1672,N,12
Urban,Extreme,Quibus UE-03,1673,N,12
Urban,Extreme,Quibus UE-04,1674,N,12
Urban,Extreme,Quibus UE-05,1675,N,12
Urban,Extreme,Quibus UE-06,1676,N,12
Urban,Extreme,Quibus UE-07,1677,N,12
Urban,Extreme,Quibus UE-08,1678,N,12
Urban,Extreme,Quibus UE-09,1679,N,12
Urban,Extreme,Quibus UE-10,1680,N,12
Urban,Extreme,Quibus UE-11,1681,N,12
Urban,Extreme,Quibus UE-12,1682,N,12
Urban,Extreme,Quibus UE-13,1683,N,12
Urban,Extreme,Quibus UE-14,1684,N,12
Urban,Extreme,Quibus UE-15,1685,N,12
Urban,Extreme,Quibus UE-16,1686,N,12
Urban,Extreme,Quibus UE-17,1687,N,12
Urban,Extreme,Salvus UE-01,1688,N,13
Urban,Extreme,Pomum UE-01,1766,N,11
Urban,Extreme,Pomum UE-02,1767,N,11
Urban,Extreme,Pomum UE-03,1768,N,11
Urban,Extreme,Pomum UE-04,1769,N,11
Urban,Extreme,Pomum UE-05,1770,N,11
Urban,Extreme,Pomum UE-06,1771,N,11
Urban,Extreme,Pomum UE-07,1772,N,11
Urban,Extreme,Pomum UE-08,1773,N,11
Urban,Extreme,Pomum UE-09,1774,N,11
Urban,Extreme,Pomum UE-10,1775,N,11
Urban,Extreme,Pomum UE-11,1776,N,11
Urban,Extreme,Pomum UE-12,1777,N,11
Urban,Extreme,Pomum UE-13,1778,N,11
Urban,Extreme,Pomum UE-14,1779,N,11
Urban,Extreme,Pomum UE-15,1780,N,11
Urban,Extreme,Pomum UE-16,1781,N,11
Urban,Extreme,Pomum UE-17,1782,N,11
Urban,Extreme,Pomum UE-18,1783,N,11
Urban,Extreme,Pomum UE-19,1784,N,11
Urban,Extreme,Pomum UE-20,1785,N,11
Urban,Extreme,Pomum UE-21,1786,N,11
Urban,Extreme,Pomum UE-22,1787,N,11
Urban,Extreme,Pomum UE-23,1788,N,11
Urban,Extreme,Pomum UE-24,1789,N,11
Urban,Extreme,Pomum UE-25,1790,N,11
Urban,Extreme,Pomum UE-26,1791,N,11
Urban,Extreme,Pomum UE-27,1792,N,11
Urban,Extreme,Pomum UE-28,1793,N,11
Urban,Extreme,Pomum UE-29,1794,N,11
Urban,Extreme,Currus UE-01,2041,N,4
Urban,Extreme,Currus UE-02,2042,N,4
Urban,Extreme,Currus UE-03,2043,N,4
Urban,Extreme,Currus UE-04,2044,N,4
Urban,Extreme,Currus UE-05,2045,N,4
Urban,Extreme,Currus UE-06,2046,N,4
Urban,Extreme,Currus UE-07,2047,N,4
Urban,Extreme,Currus UE-08,2048,N,4
Urban,Extreme,Currus UE-09,2049,N,4
Urban,Extreme,Currus UE-10,2050,N,4
Urban,Extreme,Currus UE-11,2051,N,4
Urban,Extreme,Currus UE-12,2052,N,4
Urban,Extreme,Currus UE-13,2053,N,4
Urban,Extreme,Currus UE-14,2054,N,4
Urban,Extreme,Currus UE-15,2055,N,4
Urban,Extreme,Currus UE-16,2056,N,4
Urban,Extreme,Currus UE-17,2057,N,4
Urban,Extreme,Currus UE-18,2058,N,4
Urban,Extreme,Currus UE-19,2059,N,4
Urban,Extreme,Currus UE-20,2060,N,4
Urban,Extreme,Currus UE-21,2061,N,4
Urban,Extreme,Currus UE-22,2062,N,4
Urban,Extreme,Currus UE-23,2063,N,4
Urban,Extreme,Currus UE-24,2064,N,4
Urban,Extreme,Currus UE-25,2065,N,4
Urban,Extreme,Victoria UE-01,2148,N,14
Urban,Extreme,Victoria UE-02,2149,N,14
Urban,Extreme,Victoria UE-03,2150,N,14
Urban,Extreme,Victoria UE-04,2151,N,14
Urban,Extreme,Victoria UE-05,2152,N,14
Urban,Extreme,Victoria UE-06,2153,N,14
Urban,Extreme,Victoria UE-07,2154,N,14
Urban,Extreme,Victoria UE-08,2155,N,14
Urban,Extreme,Victoria UE-09,2156,N,14
Urban,Extreme,Victoria UE-10,2157,N,14
Urban,Extreme,Victoria UE-11,2158,N,14
Urban,Extreme,Victoria UE-12,2159,N,14
Urban,Extreme,Victoria UE-13,2160,N,14
Urban,Extreme,Victoria UE-14,2161,N,14
Urban,Extreme,Victoria UE-15,2162,N,14
Urban,Extreme,Victoria UE-16,2163,N,14
Urban,Extreme,Victoria UE-17,2164,N,14
Urban,Extreme,Victoria UE-18,2165,N,14
Urban,Extreme,Victoria UE-19,2166,N,14
Urban,Extreme,Victoria UE-20,2167,N,14
Urban,Extreme,Victoria UE-21,2168,N,14
Urban,Extreme,Victoria UE-22,2169,N,14
Urban,Extreme,Victoria UE-23,2170,N,14
Urban,Extreme,Aliqui UE-01,2327,N,2
Urban,Extreme,Aliqui UE-02,2328,N,2
Urban,Extreme,Aliqui UE-03,2329,N,2
Urban,Extreme,Aliqui UE-04,2330,N,2
Urban,Extreme,Aliqui UE-05,2331,N,2
Urban,Extreme,Aliqui UE-06,2332,N,2
Urban,Extreme,Aliqui UE-07,2333,N,2
Urban,Extreme,Aliqui UE-08,2334,N,2
Urban,Extreme,Aliqui UE-09,2335,N,2
Urban,Extreme,Aliqui UE-10,2336,N,2
Urban,Extreme,Aliqui UE-11,2337,N,2
Urban,Extreme,Aliqui UE-12,2338,N,2
Urban,Extreme,Aliqui UE-13,2339,N,2
Urban,Extreme,Aliqui UE-14,2340,N,2
Urban,Extreme,Aliqui UE-15,2341,N,2
Urban,Extreme,Aliqui UE-16,2342,N,2
Urban,Extreme,Aliqui UE-17,2343,N,2
Urban,Extreme,Aliqui UE-18,2344,N,2
Urban,Extreme,Aliqui UE-19,2345,N,2
Urban,Extreme,Aliqui UE-20,2346,N,2
Urban,Extreme,Aliqui UE-21,2347,N,2
Urban,Extreme,Aliqui UE-22,2348,N,2
Urban,Extreme,Aliqui UE-23,2349,N,2
Urban,Extreme,Aliqui UE-24,2350,N,2
Urban,Extreme,Aliqui UE-25,2351,N,2
Urban,Extreme,Aliqui UE-26,2352,N,2
Urban,Extreme,Fama UE-01,280,N,5
Urban,Extreme,Fama UE-02,281,N,5
Urban,Extreme,Fama UE-03,282,N,5
Urban,Extreme,Fama UE-04,283,N,5
Urban,Extreme,Fama UE-05,284,N,5
Urban,Extreme,Fama UE-06,285,N,5
Urban,Extreme,Fama UE-07,286,N,5
Urban,Extreme,Fama UE-08,287,N,5
Urban,Extreme,Fama UE-09,288,N,5
Urban,Extreme,Fama UE-10,289,N,5
Urban,Extreme,Fama UE-11,290,N,5
Urban,Extreme,Fama UE-12,291,N,5
Urban,Extreme,Fama UE-13,292,N,5
Urban,Extreme,Fama UE-14,293,N,5
Urban,Extreme,Fama UE-15,294,N,5
Urban,Extreme,Fama UE-16,295,N,5
Urban,Extreme,Fama UE-17,296,N,5
Urban,Extreme,Fama UE-18,297,N,5
Urban,Extreme,Fama UE-19,298,N,5
Urban,Extreme,Fama UE-20,299,N,5
Urban,Extreme,Fama UE-21,300,N,5
Urban,Extreme,Fama UE-22,301,N,5
Urban,Extreme,Fama UE-23,302,N,5
Urban,Extreme,Fama UE-24,303,N,5
Urban,Extreme,Fama UE-25,304,N,5
Urban,Extreme,Fama UE-26,305,N,5
Urban,Extreme,Fama UE-27,306,N,5
Urban,Extreme,Fama UE-28,307,N,5
Urban,Extreme,Fama UE-29,308,N,5
Urban,Extreme,Fama UE-30,309,N,5
Urban,Extreme,Fama UE-31,310,N,5
Urban,Extreme,Fama UE-32,311,N,5
Urban,Extreme,Fama UE-33,312,N,5
Urban,Extreme,Fama UE-34,313,N,5
Urban,Extreme,Fama UE-35,314,N,5
Urban,Extreme,Fama UE-36,315,N,5
Urban,Extreme,Fama UE-37,316,N,5
Urban,Extreme,Fama UE-38,317,N,5
Urban,Extreme,Fama UE-39,318,N,5
Urban,Extreme,Fama UE-40,319,N,5
Urban,Extreme,Fama UE-41,320,N,5
Urban,Extreme,Fama UE-42,321,N,5
Urban,Extreme,Fama UE-43,322,N,5
Urban,Extreme,Fama UE-44,323,N,5
Urban,Extreme,Fama UE-45,324,N,5
Urban,Extreme,Fama UE-46,325,N,5
Urban,Extreme,Fama UE-47,326,N,5
Urban,Extreme,Fama UE-48,327,N,5
Urban,Extreme,Fama UE-49,328,N,5
Urban,Extreme,Fama UE-50,329,N,5
Urban,Extreme,Fama UE-51,330,N,5
Urban,Extreme,Fama UE-52,331,N,5
Urban,Extreme,Fama UE-53,332,N,5
Urban,Extreme,Fama UE-54,333,N,5
Urban,Extreme,Fama UE-55,334,N,5
Urban,Extreme,Fama UE-56,335,N,5
Urban,Extreme,Fama UE-57,336,N,5
Urban,Extreme,Fama UE-58,337,N,5
Urban,Extreme,Fama UE-59,338,N,5
Urban,Extreme,Fama UE-60,339,N,5
Urban,Extreme,Fama UE-61,340,N,5
Urban,Extreme,Fama UE-62,341,N,5
Urban,Extreme,Fama UE-63,342,N,5
Urban,Extreme,Fama UE-64,343,N,5
Urban,Extreme,Fama UE-65,344,N,5
Urban,Extreme,Fama UE-66,345,N,5
Urban,Extreme,Fama UE-67,346,N,5
Urban,Extreme,Fama UE-68,347,N,5
Urban,Extreme,Fama UE-69,348,N,5
Urban,Extreme,Fama UE-70,349,N,5
Urban,Extreme,Fama UE-71,350,N,5
Urban,Extreme,Fama UE-72,351,N,5
Urban,Extreme,Fama UE-73,352,N,5
Urban,Extreme,Fama UE-74,353,N,5
Urban,Extreme,Fama UE-75,354,N,5
Urban,Extreme,Fama UE-76,355,N,5
Urban,Extreme,Fama UE-77,356,N,5
Urban,Extreme,Fama UE-78,357,N,5
Urban,Extreme,Fama UE-79,358,N,5
Urban,Extreme,Fama UE-80,359,N,5
Urban,Extreme,Fama UE-81,360,N,5
Urban,Extreme,Fama UE-82,361,N,5
Urban,Extreme,Fama UE-83,362,N,5
Urban,Extreme,Fama UE-84,363,N,5
Urban,Extreme,Fama UE-85,364,N,5
Urban,Extreme,Fama UE-86,365,N,5
Urban,Extreme,Fama UE-87,366,N,5
Urban,Extreme,Fama UE-88,367,N,5
Urban,Extreme,Fama UE-89,368,N,5
Urban,Extreme,Fama UE-90,369,N,5
Urban,Extreme,Fama UE-91,370,N,5
Urban,Extreme,Fama UE-92,371,N,5
Urban,Extreme,Fama UE-93,372,N,5
Urban,Extreme,Fama UE-94,373,N,5
Urban,Extreme,Fama UE-95,374,N,5
Urban,Extreme,Fama UE-96,375,N,5
Urban,Extreme,Fama UE-97,376,N,5
Urban,Extreme,Fama UE-98,377,N,5
Urban,Extreme,Fama UE-99,378,N,5
Urban,Extreme,Fama UE-00,379,N,5
Urban,Extreme,Fama UE-01,380,N,5
Urban,Extreme,Fama UE-02,381,N,5
Urban,Extreme,Fama UE-03,382,N,5
Urban,Extreme,Fama UE-04,383,N,5
Urban,Extreme,Fama UE-05,384,N,5
Urban,Extreme,Fama UE-06,385,N,5
Urban,Extreme,Fama UE-07,386,N,5
Urban,Moderation,Maximus UM-01,396,Y,7
Urban,Moderation,Maximus UM-02,397,Y,7
Urban,Moderation,Maximus UM-03,398,Y,7
Urban,Moderation,Maximus UM-04,399,Y,7
Urban,Moderation,Maximus UM-05,400,Y,7
Urban,Moderation,Maximus UM-06,401,Y,7
Urban,Moderation,Maximus UM-07,402,Y,7
Urban,Moderation,Maximus UM-08,403,Y,7
Urban,Moderation,Maximus UM-09,404,Y,7
Urban,Moderation,Maximus UM-10,405,Y,7
Urban,Moderation,Maximus UM-11,406,Y,7
Urban,Moderation,Maximus UM-12,407,Y,7
Urban,Moderation,Maximus UM-13,408,Y,7
Urban,Moderation,Maximus UM-14,409,Y,7
Urban,Moderation,Maximus UM-15,410,Y,7
Urban,Moderation,Maximus UM-16,411,Y,7
Urban,Moderation,Maximus UM-17,412,Y,7
Urban,Moderation,Maximus UM-18,413,Y,7
Urban,Moderation,Maximus UM-19,414,Y,7
Urban,Moderation,Maximus UM-20,415,Y,7
Urban,Moderation,Maximus UM-21,416,Y,7
Urban,Moderation,Maximus UM-22,417,Y,7
Urban,Moderation,Maximus UM-23,418,Y,7
Urban,Moderation,Maximus UM-24,419,Y,7
Urban,Moderation,Maximus UM-25,420,Y,7
Urban,Moderation,Maximus UM-26,421,Y,7
Urban,Moderation,Maximus UM-27,422,Y,7
Urban,Moderation,Maximus UM-28,423,Y,7
Urban,Moderation,Maximus UM-29,424,Y,7
Urban,Moderation,Maximus UM-30,425,Y,7
Urban,Moderation,Maximus UM-31,426,Y,7
Urban,Moderation,Maximus UM-32,427,Y,7
Urban,Moderation,Maximus UM-33,428,Y,7
Urban,Moderation,Maximus UM-34,429,Y,7
Urban,Moderation,Maximus UM-35,430,Y,7
Urban,Moderation,Maximus UM-36,431,Y,7
Urban,Moderation,Maximus UM-37,432,Y,7
Urban,Moderation,Maximus UM-38,433,Y,7
Urban,Moderation,Maximus UM-39,434,Y,7
Urban,Moderation,Maximus UM-40,435,Y,7
Urban,Moderation,Maximus UM-41,436,Y,7
Urban,Moderation,Maximus UM-42,437,Y,7
Urban,Moderation,Maximus UM-43,438,Y,7
Urban,Moderation,Maximus UM-44,439,Y,7
Urban,Moderation,Maximus UM-45,440,Y,7
Urban,Moderation,Maximus UM-46,441,Y,7
Urban,Moderation,Maximus UM-47,442,Y,7
Urban,Moderation,Maximus UM-48,443,Y,7
Urban,Moderation,Maximus UM-49,444,Y,7
Urban,Moderation,Maximus UM-50,445,Y,7
Urban,Moderation,Maximus UM-51,446,Y,7
Urban,Moderation,Maximus UM-52,447,Y,7
Urban,Moderation,Maximus UM-53,448,Y,7
Urban,Moderation,Maximus UM-54,449,Y,7
Urban,Moderation,Maximus UM-55,450,Y,7
Urban,Moderation,Maximus UM-56,451,Y,7
Urban,Moderation,Maximus UM-57,452,Y,7
Urban,Moderation,Maximus UM-58,453,Y,7
Urban,Moderation,Maximus UM-59,454,Y,7
Urban,Moderation,Maximus UM-60,455,Y,7
Urban,Moderation,Maximus UM-61,456,Y,7
Urban,Moderation,Maximus UM-62,457,Y,7
Urban,Moderation,Maximus UM-63,458,Y,7
Urban,Moderation,Maximus UM-64,459,Y,7
Urban,Moderation,Maximus UM-65,460,Y,7
Urban,Moderation,Maximus UM-66,461,Y,7
Urban,Moderation,Maximus UM-67,462,Y,7
Urban,Moderation,Maximus UM-68,463,Y,7
Urban,Moderation,Maximus UM-69,464,Y,7
Urban,Moderation,Maximus UM-70,465,Y,7
Urban,Moderation,Maximus UM-71,466,Y,7
Urban,Moderation,Maximus UM-72,467,Y,7
Urban,Moderation,Maximus UM-73,468,Y,7
Urban,Moderation,Maximus UM-74,469,Y,7
Urban,Moderation,Maximus UM-75,470,Y,7
Urban,Moderation,Maximus UM-76,471,Y,7
Urban,Moderation,Maximus UM-77,472,Y,7
Urban,Moderation,Maximus UM-78,473,Y,7
Urban,Moderation,Maximus UM-79,474,Y,7
Urban,Moderation,Maximus UM-80,475,Y,7
Urban,Moderation,Maximus UM-81,476,Y,7
Urban,Moderation,Maximus UM-82,477,Y,7
Urban,Moderation,Maximus UM-83,478,Y,7
Urban,Moderation,Maximus UM-84,479,Y,7
Urban,Moderation,Maximus UM-85,480,Y,7
Urban,Moderation,Maximus UM-86,481,Y,7
Urban,Moderation,Maximus UM-87,482,Y,7
Urban,Moderation,Maximus UM-88,483,Y,7
Urban,Moderation,Maximus UM-89,484,Y,7
Urban,Moderation,Maximus UM-90,485,Y,7
Urban,Moderation,Maximus UM-91,486,Y,7
Urban,Moderation,Maximus UM-92,487,Y,7
Urban,Moderation,Maximus UM-93,488,Y,7
Urban,Moderation,Maximus UM-94,489,Y,7
Urban,Moderation,Maximus UM-95,490,Y,7
Urban,Moderation,Maximus UM-96,491,Y,7
Urban,Moderation,Maximus UM-97,492,Y,7
Urban,Moderation,Maximus UM-98,493,Y,7
Urban,Moderation,Maximus UM-99,494,Y,7
Urban,Moderation,Maximus UM-00,495,Y,7
Urban,Moderation,Maximus UM-01,496,Y,7
Urban,Moderation,Maximus UM-02,497,Y,7
Urban,Moderation,Maximus UM-03,498,Y,7
Urban,Moderation,Maximus UM-04,499,Y,7
Urban,Moderation,Maximus UM-05,500,Y,7
Urban,Moderation,Maximus UM-06,501,Y,7
Urban,Moderation,Maximus UM-07,502,Y,7
Urban,Moderation,Maximus UM-08,503,Y,7
Urban,Moderation,Maximus UM-09,504,Y,7
Urban,Moderation,Maximus UM-10,505,Y,7
Urban,Moderation,Maximus UM-11,506,Y,7
Urban,Moderation,Maximus UM-12,507,Y,7
Urban,Moderation,Maximus UM-13,508,Y,7
Urban,Moderation,Maximus UM-14,509,Y,7
Urban,Moderation,Maximus UM-15,510,Y,7
Urban,Moderation,Maximus UM-16,511,Y,7
Urban,Moderation,Abbas UM-01,74,Y,1
Urban,Moderation,Abbas UM-02,75,Y,1
Urban,Moderation,Abbas UM-03,76,Y,1
Urban,Moderation,Abbas UM-04,77,Y,1
Urban,Moderation,Abbas UM-05,78,Y,1
Urban,Moderation,Abbas UM-06,79,Y,1
Urban,Moderation,Abbas UM-07,80,Y,1
Urban,Moderation,Abbas UM-08,81,Y,1
Urban,Moderation,Abbas UM-09,82,Y,1
Urban,Moderation,Abbas UM-10,83,Y,1
Urban,Moderation,Abbas UM-11,84,Y,1
Urban,Moderation,Abbas UM-12,85,Y,1
Urban,Moderation,Abbas UM-13,86,Y,1
Urban,Moderation,Abbas UM-14,87,Y,1
Urban,Moderation,Abbas UM-15,88,Y,1
Urban,Moderation,Abbas UM-16,89,Y,1
Urban,Moderation,Abbas UM-17,90,Y,1
Urban,Moderation,Abbas UM-18,91,Y,1
Urban,Moderation,Abbas UM-19,92,Y,1
Urban,Moderation,Abbas UM-20,93,Y,1
Urban,Moderation,Abbas UM-21,94,Y,1
Urban,Moderation,Abbas UM-22,95,Y,1
Urban,Moderation,Abbas UM-23,96,Y,1
Urban,Moderation,Abbas UM-24,97,Y,1
Urban,Moderation,Abbas UM-25,98,Y,1
Urban,Moderation,Abbas UM-26,99,Y,1
Urban,Moderation,Abbas UM-27,100,Y,1
Urban,Moderation,Abbas UM-28,101,Y,1
Urban,Moderation,Abbas UM-29,102,Y,1
Urban,Moderation,Abbas UM-30,103,Y,1
Urban,Moderation,Abbas UM-31,104,Y,1
Urban,Moderation,Abbas UM-32,105,Y,1
Urban,Moderation,Abbas UM-33,106,Y,1
Urban,Moderation,Abbas UM-34,107,Y,1
Urban,Moderation,Abbas UM-35,108,Y,1
Urban,Moderation,Abbas UM-36,109,Y,1
Urban,Moderation,Abbas UM-37,110,Y,1
Urban,Moderation,Abbas UM-38,111,Y,1
Urban,Moderation,Abbas UM-39,112,Y,1
Urban,Moderation,Abbas UM-40,113,Y,1
Urban,Moderation,Abbas UM-41,114,Y,1
Urban,Moderation,Abbas UM-42,115,Y,1
Urban,Moderation,Abbas UM-43,116,Y,1
Urban,Moderation,Abbas UM-44,117,Y,1
Urban,Moderation,Abbas UM-45,118,Y,1
Urban,Moderation,Abbas UM-46,119,Y,1
Urban,Moderation,Abbas UM-47,120,Y,1
Urban,Moderation,Abbas UM-48,121,Y,1
Urban,Moderation,Abbas UM-49,122,Y,1
Urban,Moderation,Abbas UM-50,123,Y,1
Urban,Moderation,Abbas UM-51,124,Y,1
Urban,Moderation,Abbas UM-52,125,Y,1
Urban,Moderation,Abbas UM-53,126,Y,1
Urban,Moderation,Abbas UM-54,127,Y,1
Urban,Moderation,Abbas UM-55,128,Y,1
Urban,Moderation,Abbas UM-56,129,Y,1
Urban,Moderation,Barba UM-01,199,Y,3
Urban,Moderation,Barba UM-02,200,Y,3
Urban,Moderation,Barba UM-03,201,Y,3
Urban,Moderation,Barba UM-04,202,Y,3
Urban,Moderation,Barba UM-05,203,Y,3
Urban,Moderation,Barba UM-06,204,Y,3
Urban,Moderation,Barba UM-07,205,Y,3
Urban,Moderation,Barba UM-08,206,Y,3
Urban,Moderation,Barba UM-09,207,Y,3
Urban,Moderation,Barba UM-10,208,Y,3
Urban,Moderation,Barba UM-11,209,Y,3
Urban,Moderation,Barba UM-12,210,Y,3
Urban,Moderation,Fama UM-01,223,Y,5
Urban,Moderation,Fama UM-02,224,Y,5
Urban,Moderation,Fama UM-03,225,Y,5
Urban,Moderation,Fama UM-04,226,Y,5
Urban,Moderation,Fama UM-05,227,Y,5
Urban,Moderation,Fama UM-06,228,Y,5
Urban,Moderation,Natura UM-01,817,N,8
Urban,Moderation,Natura UM-02,818,N,8
Urban,Moderation,Natura UM-03,819,Y,8
Urban,Moderation,Natura UM-04,820,Y,8
Urban,Moderation,Natura UM-05,821,Y,8
Urban,Moderation,Natura UM-06,822,Y,8
Urban,Moderation,Natura UM-07,823,Y,8
Urban,Moderation,Natura UM-08,824,Y,8
Urban,Moderation,Natura UM-09,825,Y,8
Urban,Moderation,Natura UM-10,826,Y,8
Urban,Moderation,Natura UM-11,827,Y,8
Urban,Moderation,Natura UM-12,828,Y,8
Urban,Moderation,Natura UM-13,829,Y,8
Urban,Moderation,Natura UM-14,830,Y,8
Urban,Moderation,Natura UM-15,831,Y,8
Urban,Moderation,Natura UM-16,832,Y,8
Urban,Moderation,Natura UM-17,833,Y,8
Urban,Moderation,Natura UM-18,834,Y,8
Urban,Moderation,Natura UM-19,835,Y,8
Urban,Moderation,Natura UM-20,836,Y,8
Urban,Moderation,Natura UM-21,837,Y,8
Urban,Moderation,Natura UM-22,838,Y,8
Urban,Moderation,Natura UM-23,839,Y,8
Urban,Moderation,Natura UM-24,840,Y,8
Urban,Moderation,Natura UM-25,841,N,8
Urban,Moderation,Natura UM-26,842,Y,8
Urban,Moderation,Natura UM-27,843,Y,8
Urban,Moderation,Natura UM-28,844,Y,8
Urban,Moderation,Natura UM-29,845,Y,8
Urban,Moderation,Natura UM-30,846,Y,8
Urban,Moderation,Natura UM-31,847,Y,8
Urban,Moderation,Natura UM-32,848,Y,8
Urban,Moderation,Natura UM-33,849,Y,8
Urban,Moderation,Natura UM-34,850,Y,8
Urban,Moderation,Natura UM-35,851,Y,8
Urban,Moderation,Natura UM-36,852,Y,8
Urban,Moderation,Natura UM-37,853,Y,8
Urban,Moderation,Natura UM-38,854,Y,8
Urban,Moderation,Palma UM-01,1027,Y,9
Urban,Moderation,Palma UM-02,1028,Y,9
Urban,Moderation,Pirum UM-01,1124,Y,10
Urban,Moderation,Pirum UM-02,1125,Y,10
Urban,Moderation,Pirum UM-03,1126,Y,10
Urban,Moderation,Pirum UM-04,1127,Y,10
Urban,Moderation,Pirum UM-05,1128,Y,10
Urban,Moderation,Pirum UM-06,1129,Y,10
Urban,Moderation,Pirum UM-07,1130,Y,10
Urban,Moderation,Pirum UM-08,1131,Y,10
Urban,Moderation,Pirum UM-09,1132,Y,10
Urban,Moderation,Pirum UM-10,1133,Y,10
Urban,Moderation,Pirum UM-11,1134,Y,10
Urban,Moderation,Pirum UM-12,1135,Y,10
Urban,Moderation,Pirum UM-13,1136,Y,10
Urban,Moderation,Pirum UM-14,1137,Y,10
Urban,Moderation,Pirum UM-15,1138,Y,10
Urban,Moderation,Pirum UM-16,1139,Y,10
Urban,Moderation,Pirum UM-17,1140,Y,10
Urban,Moderation,Pirum UM-18,1141,Y,10
Urban,Moderation,Pirum UM-19,1142,Y,10
Urban,Moderation,Pirum UM-20,1143,Y,10
Urban,Moderation,Pomum UM-01,1749,Y,11
Urban,Moderation,Pomum UM-02,1750,Y,11
Urban,Moderation,Pomum UM-03,1751,Y,11
Urban,Moderation,Pomum UM-04,1752,Y,11
Urban,Moderation,Pomum UM-05,1753,Y,11
Urban,Moderation,Pomum UM-06,1754,Y,11
Urban,Moderation,Leo UM-01,1863,Y,6
Urban,Moderation,Leo UM-02,1864,Y,6
Urban,Moderation,Leo UM-03,1865,Y,6
Urban,Moderation,Leo UM-04,1866,Y,6
Urban,Moderation,Leo UM-05,1867,Y,6
Urban,Moderation,Leo UM-06,1868,Y,6
Urban,Moderation,Leo UM-07,1869,Y,6
Urban,Moderation,Leo UM-08,1870,Y,6
Urban,Moderation,Leo UM-09,1871,Y,6
Urban,Moderation,Leo UM-10,1872,Y,6
Urban,Moderation,Leo UM-11,1873,Y,6
Urban,Moderation,Leo UM-12,1874,Y,6
Urban,Moderation,Leo UM-13,1875,Y,6
Urban,Moderation,Leo UM-14,1876,Y,6
Urban,Moderation,Leo UM-15,1877,Y,6
Urban,Moderation,Leo UM-16,1878,Y,6
Urban,Moderation,Leo UM-17,1879,Y,6
Urban,Moderation,Leo UM-18,1880,Y,6
Urban,Moderation,Leo UM-19,1881,Y,6
Urban,Moderation,Currus UM-01,1994,Y,4
Urban,Moderation,Currus UM-02,1995,Y,4
Urban,Moderation,Currus UM-03,1996,Y,4
Urban,Moderation,Currus UM-04,1997,Y,4
Urban,Moderation,Victoria UM-01,2110,Y,14
Urban,Moderation,Victoria UM-02,2111,Y,14
Urban,Moderation,Victoria UM-03,2112,Y,14
Urban,Moderation,Victoria UM-04,2113,Y,14
Urban,Moderation,Victoria UM-05,2114,Y,14
Urban,Moderation,Victoria UM-06,2115,Y,14
Urban,Moderation,Victoria UM-07,2116,Y,14
Urban,Moderation,Victoria UM-08,2117,Y,14
Urban,Moderation,Victoria UM-09,2118,Y,14
Urban,Moderation,Victoria UM-10,2119,Y,14
Urban,Moderation,Victoria UM-11,2120,Y,14
Urban,Moderation,Victoria UM-12,2121,Y,14
Urban,Moderation,Victoria UM-13,2122,Y,14
Urban,Moderation,Victoria UM-14,2123,Y,14
Urban,Moderation,Victoria UM-15,2124,Y,14
Urban,Moderation,Aliqui UM-01,2286,Y,2
Urban,Moderation,Aliqui UM-02,2287,Y,2
Urban,Moderation,Aliqui UM-03,2288,Y,2
Urban,Moderation,Aliqui UM-04,2289,Y,2
Urban,Moderation,Aliqui UM-05,2290,Y,2
Urban,Moderation,Aliqui UM-06,2291,Y,2
Urban,Moderation,Aliqui UM-07,2292,Y,2
Urban,Moderation,Aliqui UM-08,2293,Y,2
Urban,Moderation,Aliqui UM-09,2294,Y,2
Urban,Moderation,Aliqui UM-10,2295,Y,2
Urban,Moderation,Aliqui UM-11,2296,Y,2
Urban,Moderation,Aliqui UM-12,2297,Y,2
Urban,Regular,Abbas UR-01,130,Y,1
Urban,Regular,Abbas UR-02,131,Y,1
Urban,Regular,Abbas UR-03,132,Y,1
Urban,Regular,Abbas UR-04,133,Y,1
Urban,Regular,Abbas UR-05,134,Y,1
Urban,Regular,Abbas UR-06,135,Y,1
Urban,Regular,Abbas UR-07,136,Y,1
Urban,Regular,Abbas UR-08,137,Y,1
Urban,Regular,Abbas UR-09,138,Y,1
Urban,Regular,Abbas UR-10,139,Y,1
Urban,Regular,Abbas UR-11,140,Y,1
Urban,Regular,Abbas UR-12,141,Y,1
Urban,Regular,Abbas UR-13,142,Y,1
Urban,Regular,Abbas UR-14,143,Y,1
Urban,Regular,Abbas UR-15,144,Y,1
Urban,Regular,Abbas UR-16,145,Y,1
Urban,Regular,Abbas UR-17,146,Y,1
Urban,Regular,Abbas UR-18,147,Y,1
Urban,Regular,Abbas UR-19,148,Y,1
Urban,Regular,Abbas UR-20,149,Y,1
Urban,Regular,Abbas UR-21,150,Y,1
Urban,Regular,Abbas UR-22,151,Y,1
Urban,Regular,Abbas UR-23,152,Y,1
Urban,Regular,Abbas UR-24,153,Y,1
Urban,Regular,Abbas UR-25,154,Y,1
Urban,Regular,Abbas UR-26,155,Y,1
Urban,Regular,Abbas UR-27,156,Y,1
Urban,Regular,Abbas UR-28,157,Y,1
Urban,Regular,Abbas UR-29,158,Y,1
Urban,Regular,Abbas UR-30,159,Y,1
Urban,Regular,Abbas UR-31,160,Y,1
Urban,Regular,Abbas UR-32,161,Y,1
Urban,Regular,Abbas UR-33,162,Y,1
Urban,Regular,Abbas UR-34,163,Y,1
Urban,Regular,Abbas UR-35,164,Y,1
Urban,Regular,Abbas UR-36,165,Y,1
Urban,Regular,Abbas UR-37,166,Y,1
Urban,Regular,Abbas UR-38,167,Y,1
Urban,Regular,Abbas UR-39,168,Y,1
Urban,Regular,Abbas UR-40,169,Y,1
Urban,Regular,Abbas UR-41,170,Y,1
Urban,Regular,Abbas UR-42,171,Y,1
Urban,Regular,Abbas UR-43,172,Y,1
Urban,Regular,Fama UR-01,229,Y,5
Urban,Regular,Fama UR-02,230,Y,5
Urban,Regular,Fama UR-03,231,Y,5
Urban,Regular,Fama UR-04,232,Y,5
Urban,Regular,Fama UR-05,233,Y,5
Urban,Regular,Fama UR-06,234,Y,5
Urban,Regular,Fama UR-07,235,Y,5
Urban,Regular,Fama UR-08,236,Y,5
Urban,Regular,Fama UR-09,237,Y,5
Urban,Regular,Fama UR-10,238,Y,5
Urban,Regular,Fama UR-11,239,Y,5
Urban,Regular,Fama UR-12,240,Y,5
Urban,Regular,Fama UR-13,241,Y,5
Urban,Regular,Fama UR-14,242,N,5
Urban,Regular,Fama UR-15,243,N,5
Urban,Regular,Fama UR-16,244,N,5
Urban,Regular,Fama UR-17,245,Y,5
Urban,Regular,Fama UR-18,246,Y,5
Urban,Regular,Fama UR-19,247,Y,5
Urban,Regular,Fama UR-20,248,Y,5
Urban,Regular,Fama UR-21,249,Y,5
Urban,Regular,Fama UR-22,250,Y,5
Urban,Regular,Fama UR-23,251,Y,5
Urban,Regular,Fama UR-24,252,Y,5
Urban,Regular,Fama UR-25,253,Y,5
Urban,Regular,Fama UR-26,254,Y,5
Urban,Regular,Fama UR-27,255,Y,5
Urban,Regular,Fama UR-28,256,Y,5
Urban,Regular,Fama UR-29,257,Y,5
Urban,Regular,Fama UR-30,258,Y,5
Urban,Regular,Fama UR-31,259,Y,5
Urban,Regular,Fama UR-32,260,Y,5
Urban,Regular,Fama UR-33,261,Y,5
Urban,Regular,Fama UR-34,262,Y,5
Urban,Regular,Fama UR-35,263,Y,5
Urban,Regular,Fama UR-36,264,Y,5
Urban,Regular,Fama UR-37,265,Y,5
Urban,Regular,Fama UR-38,266,Y,5
Urban,Regular,Fama UR-39,267,Y,5
Urban,Regular,Fama UR-40,268,Y,5
Urban,Regular,Fama UR-41,269,Y,5
Urban,Regular,Fama UR-42,270,Y,5
Urban,Regular,Fama UR-43,271,Y,5
Urban,Regular,Fama UR-44,272,Y,5
Urban,Regular,Fama UR-45,273,Y,5
Urban,Regular,Fama UR-46,274,Y,5
Urban,Regular,Fama UR-47,275,Y,5
Urban,Regular,Fama UR-48,276,Y,5
Urban,Regular,Fama UR-49,277,Y,5
Urban,Regular,Fama UR-50,278,Y,5
Urban,Regular,Fama UR-51,279,Y,5
Urban,Regular,Maximus UR-01,512,N,7
Urban,Regular,Natura UR-01,855,N,8
Urban,Regular,Natura UR-02,856,Y,8
Urban,Regular,Natura UR-03,857,Y,8
Urban,Regular,Natura UR-04,858,Y,8
Urban,Regular,Natura UR-05,859,Y,8
Urban,Regular,Natura UR-06,860,N,8
Urban,Regular,Natura UR-07,861,N,8
Urban,Regular,Natura UR-08,862,N,8
Urban,Regular,Natura UR-09,863,N,8
Urban,Regular,Natura UR-10,864,N,8
Urban,Regular,Natura UR-11,865,N,8
Urban,Regular,Natura UR-12,866,Y,8
Urban,Regular,Natura UR-13,867,Y,8
Urban,Regular,Natura UR-14,868,Y,8
Urban,Regular,Natura UR-15,869,Y,8
Urban,Regular,Natura UR-16,870,Y,8
Urban,Regular,Natura UR-17,871,N,8
Urban,Regular,Natura UR-18,872,N,8
Urban,Regular,Natura UR-19,873,N,8
Urban,Regular,Natura UR-20,874,N,8
Urban,Regular,Natura UR-21,875,N,8
Urban,Regular,Natura UR-22,876,N,8
Urban,Regular,Natura UR-23,877,Y,8
Urban,Regular,Natura UR-24,878,N,8
Urban,Regular,Natura UR-25,879,N,8
Urban,Regular,Natura UR-26,880,Y,8
Urban,Regular,Natura UR-27,881,Y,8
Urban,Regular,Natura UR-28,882,N,8
Urban,Regular,Natura UR-29,883,N,8
Urban,Regular,Natura UR-30,884,N,8
Urban,Regular,Natura UR-31,885,N,8
Urban,Regular,Natura UR-32,886,Y,8
Urban,Regular,Natura UR-33,887,Y,8
Urban,Regular,Natura UR-34,888,Y,8
Urban,Regular,Natura UR-35,889,Y,8
Urban,Regular,Natura UR-36,890,N,8
Urban,Regular,Natura UR-37,891,N,8
Urban,Regular,Pirum UR-01,1144,Y,10
Urban,Regular,Pirum UR-02,1145,N,10
Urban,Regular,Pirum UR-03,1146,Y,10
Urban,Regular,Pirum UR-04,1147,Y,10
Urban,Regular,Pirum UR-05,1148,Y,10
Urban,Regular,Pirum UR-06,1149,Y,10
Urban,Regular,Pirum UR-07,1150,N,10
Urban,Regular,Pirum UR-08,1151,N,10
Urban,Regular,Pirum UR-09,1152,N,10
Urban,Regular,Pirum UR-10,1153,N,10
Urban,Regular,Pirum UR-11,1154,Y,10
Urban,Regular,Pirum UR-12,1155,Y,10
Urban,Regular,Pirum UR-13,1156,Y,10
Urban,Regular,Pirum UR-14,1157,N,10
Urban,Regular,Pirum UR-15,1158,Y,10
Urban,Regular,Pirum UR-16,1159,Y,10
Urban,Regular,Pirum UR-17,1160,Y,10
Urban,Regular,Pirum UR-18,1161,Y,10
Urban,Regular,Pirum UR-19,1162,N,10
Urban,Regular,Pirum UR-20,1163,Y,10
Urban,Regular,Pirum UR-21,1164,Y,10
Urban,Regular,Quibus UR-01,1668,Y,12
Urban,Regular,Quibus UR-02,1669,Y,12
Urban,Regular,Quibus UR-03,1670,Y,12
Urban,Regular,Pomum UR-01,1755,Y,11
Urban,Regular,Pomum UR-02,1756,Y,11
Urban,Regular,Pomum UR-03,1757,Y,11
Urban,Regular,Pomum UR-04,1758,Y,11
Urban,Regular,Pomum UR-05,1759,N,11
Urban,Regular,Pomum UR-06,1760,Y,11
Urban,Regular,Pomum UR-07,1761,Y,11
Urban,Regular,Pomum UR-08,1762,Y,11
Urban,Regular,Pomum UR-09,1763,Y,11
Urban,Regular,Pomum UR-10,1764,Y,11
Urban,Regular,Pomum UR-11,1765,Y,11
Urban,Regular,Currus UR-01,1998,N,4
Urban,Regular,Currus UR-02,1999,N,4
Urban,Regular,Currus UR-03,2000,N,4
Urban,Regular,Currus UR-04,2001,N,4
Urban,Regular,Currus UR-05,2002,N,4
Urban,Regular,Currus UR-06,2003,N,4
Urban,Regular,Currus UR-07,2004,Y,4
Urban,Regular,Currus UR-08,2005,Y,4
Urban,Regular,Currus UR-09,2006,Y,4
Urban,Regular,Currus UR-10,2007,Y,4
Urban,Regular,Currus UR-11,2008,Y,4
Urban,Regular,Currus UR-12,2009,Y,4
Urban,Regular,Currus UR-13,2010,N,4
Urban,Regular,Currus UR-14,2011,N,4
Urban,Regular,Currus UR-15,2012,N,4
Urban,Regular,Currus UR-16,2013,N,4
Urban,Regular,Currus UR-17,2014,N,4
Urban,Regular,Currus UR-18,2015,N,4
Urban,Regular,Currus UR-19,2016,N,4
Urban,Regular,Currus UR-20,2017,Y,4
Urban,Regular,Currus UR-21,2018,Y,4
Urban,Regular,Currus UR-22,2019,Y,4
Urban,Regular,Currus UR-23,2020,Y,4
Urban,Regular,Currus UR-24,2021,Y,4
Urban,Regular,Currus UR-25,2022,Y,4
Urban,Regular,Currus UR-26,2023,Y,4
Urban,Regular,Currus UR-27,2024,Y,4
Urban,Regular,Currus UR-28,2025,Y,4
Urban,Regular,Currus UR-29,2026,Y,4
Urban,Regular,Currus UR-30,2027,N,4
Urban,Regular,Currus UR-31,2028,N,4
Urban,Regular,Currus UR-32,2029,Y,4
Urban,Regular,Currus UR-33,2030,Y,4
Urban,Regular,Currus UR-34,2031,Y,4
Urban,Regular,Currus UR-35,2032,N,4
Urban,Regular,Currus UR-36,2033,N,4
Urban,Regular,Currus UR-37,2034,Y,4
Urban,Regular,Currus UR-38,2035,N,4
Urban,Regular,Currus UR-39,2036,Y,4
Urban,Regular,Currus UR-40,2037,Y,4
Urban,Regular,Currus UR-41,2038,Y,4
Urban,Regular,Currus UR-42,2039,N,4
Urban,Regular,Currus UR-43,2040,Y,4
Urban,Regular,Victoria UR-01,2125,Y,14
Urban,Regular,Victoria UR-02,2126,Y,14
Urban,Regular,Victoria UR-03,2127,Y,14
Urban,Regular,Victoria UR-04,2128,Y,14
Urban,Regular,Victoria UR-05,2129,Y,14
Urban,Regular,Victoria UR-06,2130,Y,14
Urban,Regular,Victoria UR-07,2131,Y,14
Urban,Regular,Victoria UR-08,2132,Y,14
Urban,Regular,Victoria UR-09,2133,Y,14
Urban,Regular,Victoria UR-10,2134,Y,14
Urban,Regular,Victoria UR-11,2135,Y,14
Urban,Regular,Victoria UR-12,2136,Y,14
Urban,Regular,Victoria UR-13,2137,Y,14
Urban,Regular,Victoria UR-14,2138,Y,14
Urban,Regular,Victoria UR-15,2139,Y,14
Urban,Regular,Victoria UR-16,2140,Y,14
Urban,Regular,Victoria UR-17,2141,Y,14
Urban,Regular,Victoria UR-18,2142,Y,14
Urban,Regular,Victoria UR-19,2143,Y,14
Urban,Regular,Victoria UR-20,2144,Y,14
Urban,Regular,Victoria UR-21,2145,Y,14
Urban,Regular,Victoria UR-22,2146,Y,14
Urban,Regular,Victoria UR-23,2147,Y,14
Urban,Regular,Aliqui UR-01,2298,Y,2
Urban,Regular,Aliqui UR-02,2299,N,2
Urban,Regular,Aliqui UR-03,2300,Y,2
Urban,Regular,Aliqui UR-04,2301,Y,2
Urban,Regular,Aliqui UR-05,2302,Y,2
Urban,Regular,Aliqui UR-06,2303,N,2
Urban,Regular,Aliqui UR-07,2304,N,2
Urban,Regular,Aliqui UR-08,2305,N,2
Urban,Regular,Aliqui UR-09,2306,N,2
Urban,Regular,Aliqui UR-10,2307,N,2
Urban,Regular,Aliqui UR-11,2308,N,2
Urban,Regular,Aliqui UR-12,2309,N,2
Urban,Regular,Aliqui UR-13,2310,N,2
Urban,Regular,Aliqui UR-14,2311,N,2
Urban,Regular,Aliqui UR-15,2312,N,2
Urban,Regular,Aliqui UR-16,2313,Y,2
Urban,Regular,Aliqui UR-17,2314,Y,2
Urban,Regular,Aliqui UR-18,2315,N,2
Urban,Regular,Aliqui UR-19,2316,N,2
Urban,Regular,Aliqui UR-20,2317,Y,2
Urban,Regular,Aliqui UR-21,2318,Y,2
Urban,Regular,Aliqui UR-22,2319,Y,2
Urban,Regular,Aliqui UR-23,2320,Y,2
Urban,Regular,Aliqui UR-24,2321,Y,2
Urban,Regular,Aliqui UR-25,2322,N,2
Urban,Regular,Aliqui UR-26,2323,Y,2
Urban,Regular,Aliqui UR-27,2324,Y,2
Urban,Regular,Aliqui UR-28,2325,N,2
Urban,Regular,Aliqui UR-29,2326,N,2
Mix,All Season,Abbas MA-01,1,N,1
Mix,All Season,Abbas MA-02,2,N,1
Mix,All Season,Abbas MA-03,3,N,1
Mix,All Season,Abbas MA-04,4,N,1
Mix,All Season,Abbas MA-05,5,N,1
Mix,All Season,Abbas MA-06,6,N,1
Mix,All Season,Abbas MA-07,7,N,1
Mix,All Season,Abbas MA-08,8,N,1
Mix,All Season,Abbas MA-09,9,N,1
Mix,All Season,Abbas MA-10,10,N,1
Mix,All Season,Abbas MA-11,11,N,1
Mix,All Season,Abbas MA-12,12,N,1
Mix,All Season,Abbas MA-13,13,N,1
Mix,All Season,Abbas MA-14,14,N,1
Mix,All Season,Abbas MA-15,15,N,1
Mix,All Season,Abbas MA-16,16,N,1
Mix,All Season,Abbas MA-17,17,N,1
Mix,All Season,Abbas MA-18,18,N,1
Mix,All Season,Abbas MA-19,19,N,1
Mix,All Season,Abbas MA-20,20,N,1
Mix,All Season,Abbas MA-21,21,N,1
Mix,All Season,Abbas MA-22,22,N,1
Mix,All Season,Abbas MA-23,23,N,1
Mix,All Season,Abbas MA-24,24,N,1
Mix,All Season,Abbas MA-25,25,N,1
Mix,All Season,Abbas MA-26,26,N,1
Mix,All Season,Abbas MA-27,27,N,1
Mix,All Season,Abbas MA-28,28,N,1
Mix,All Season,Abbas MA-29,29,N,1
Mix,All Season,Abbas MA-30,30,N,1
Mix,All Season,Abbas MA-31,31,N,1
Mix,All Season,Abbas MA-32,32,N,1
Mix,All Season,Abbas MA-33,33,N,1
Mix,All Season,Abbas MA-34,34,N,1
Mix,All Season,Abbas MA-35,35,N,1
Mix,All Season,Abbas MA-36,36,N,1
Mix,All Season,Abbas MA-37,37,N,1
Mix,All Season,Abbas MA-38,38,N,1
Mix,All Season,Abbas MA-39,39,N,1
Mix,All Season,Abbas MA-40,40,N,1
Mix,All Season,Abbas MA-41,41,N,1
Mix,All Season,Abbas MA-42,42,N,1
Mix,All Season,Abbas MA-43,43,N,1
Mix,All Season,Abbas MA-44,44,N,1
Mix,All Season,Abbas MA-45,45,N,1
Mix,All Season,Fama MA-01,211,N,5
Mix,All Season,Fama MA-02,212,N,5
Mix,All Season,Natura MA-01,694,N,8
Mix,All Season,Natura MA-02,695,N,8
Mix,All Season,Natura MA-03,696,N,8
Mix,All Season,Natura MA-04,697,N,8
Mix,All Season,Natura MA-05,698,N,8
Mix,All Season,Natura MA-06,699,N,8
Mix,All Season,Natura MA-07,700,N,8
Mix,All Season,Natura MA-08,701,N,8
Mix,All Season,Natura MA-09,702,N,8
Mix,All Season,Natura MA-10,703,N,8
Mix,All Season,Natura MA-11,704,N,8
Mix,All Season,Natura MA-12,705,N,8
Mix,All Season,Natura MA-13,706,N,8
Mix,All Season,Natura MA-14,707,N,8
Mix,All Season,Natura MA-15,708,N,8
Mix,All Season,Natura MA-16,709,N,8
Mix,All Season,Natura MA-17,710,N,8
Mix,All Season,Natura MA-18,711,N,8
Mix,All Season,Natura MA-19,712,N,8
Mix,All Season,Pirum MA-01,1043,N,10
Mix,All Season,Pirum MA-02,1044,N,10
Mix,All Season,Pirum MA-03,1045,N,10
Mix,All Season,Pirum MA-04,1046,N,10
Mix,All Season,Pirum MA-05,1047,N,10
Mix,All Season,Pirum MA-06,1048,N,10
Mix,All Season,Pirum MA-07,1049,N,10
Mix,All Season,Pirum MA-08,1050,N,10
Mix,All Season,Pirum MA-09,1051,N,10
Mix,All Season,Pirum MA-10,1052,N,10
Mix,All Season,Pirum MA-11,1053,N,10
Mix,All Season,Pirum MA-12,1054,N,10
Mix,All Season,Pomum MA-01,1726,N,11
Mix,All Season,Pomum MA-02,1727,N,11
Mix,All Season,Pomum MA-03,1728,N,11
Mix,All Season,Pomum MA-04,1729,N,11
Mix,All Season,Pomum MA-05,1730,N,11
Mix,All Season,Pomum MA-06,1731,N,11
Mix,All Season,Currus MA-01,1908,N,4
Mix,All Season,Currus MA-02,1909,N,4
Mix,All Season,Currus MA-03,1910,N,4
Mix,All Season,Currus MA-04,1911,N,4
Mix,All Season,Currus MA-05,1912,N,4
Mix,All Season,Currus MA-06,1913,N,4
Mix,All Season,Currus MA-07,1914,N,4
Mix,All Season,Currus MA-08,1915,N,4
Mix,All Season,Currus MA-09,1916,N,4
Mix,All Season,Currus MA-10,1917,N,4
Mix,All Season,Currus MA-11,1918,N,4
Mix,All Season,Currus MA-12,1919,N,4
Mix,All Season,Currus MA-13,1920,N,4
Mix,All Season,Currus MA-14,1921,N,4
Mix,All Season,Currus MA-15,1922,N,4
Mix,All Season,Currus MA-16,1923,N,4
Mix,All Season,Currus MA-17,1924,N,4
Mix,All Season,Currus MA-18,1925,N,4
Mix,All Season,Victoria MA-01,2102,N,14
Mix,All Season,Victoria MA-02,2103,N,14
Mix,All Season,Victoria MA-03,2104,N,14
Mix,All Season,Victoria MA-04,2105,N,14
Mix,All Season,Victoria MA-05,2106,N,14
Mix,All Season,Victoria MA-06,2107,N,14
Mix,All Season,Aliqui MA-01,2187,N,2
Mix,All Season,Aliqui MA-02,2188,N,2
Mix,All Season,Aliqui MA-03,2189,N,2
Mix,All Season,Aliqui MA-04,2190,N,2
Mix,All Season,Aliqui MA-05,2191,N,2
Mix,All Season,Aliqui MA-06,2192,N,2
Mix,All Season,Aliqui MA-07,2193,N,2
Mix,All Season,Aliqui MA-08,2194,N,2
Mix,All Season,Aliqui MA-09,2195,N,2
Mix,All Season,Aliqui MA-10,2196,N,2
Mix,All Season,Aliqui MA-11,2197,N,2
Mix,All Season,Aliqui MA-12,2198,N,2
Mix,All Season,Aliqui MA-13,2199,N,2
Mix,All Season,Aliqui MA-14,2200,N,2
Mix,All Season,Aliqui MA-15,2201,N,2
Mix,All Season,Aliqui MA-16,2202,N,2
Mix,All Season,Aliqui MA-17,2203,N,2
Rural,Select,Abbas RS-01,68,N,1
Rural,Select,Abbas RS-02,69,N,1
Rural,Select,Abbas RS-03,70,N,1
Rural,Select,Abbas RS-04,71,N,1
Rural,Select,Abbas RS-05,72,N,1
Rural,Select,Abbas RS-06,73,N,1
Rural,Select,Maximus RS-01,394,N,7
Rural,Select,Maximus RS-02,395,N,7
Rural,Select,Natura RS-01,797,N,8
Rural,Select,Natura RS-02,798,N,8
Rural,Select,Natura RS-03,799,N,8
Rural,Select,Natura RS-04,800,N,8
Rural,Select,Natura RS-05,801,N,8
Rural,Select,Natura RS-06,802,N,8
Rural,Select,Natura RS-07,803,N,8
Rural,Select,Natura RS-08,804,N,8
Rural,Select,Natura RS-09,805,N,8
Rural,Select,Natura RS-10,806,N,8
Rural,Select,Natura RS-11,807,N,8
Rural,Select,Natura RS-12,808,N,8
Rural,Select,Natura RS-13,809,N,8
Rural,Select,Natura RS-14,810,N,8
Rural,Select,Natura RS-15,811,N,8
Rural,Select,Natura RS-16,812,N,8
Rural,Select,Natura RS-17,813,N,8
Rural,Select,Natura RS-18,814,N,8
Rural,Select,Natura RS-19,815,N,8
Rural,Select,Natura RS-20,816,N,8
Rural,Select,Pirum RS-01,1113,N,10
Rural,Select,Pirum RS-02,1114,N,10
Rural,Select,Pirum RS-03,1115,N,10
Rural,Select,Pirum RS-04,1116,N,10
Rural,Select,Pirum RS-05,1117,N,10
Rural,Select,Pirum RS-06,1118,N,10
Rural,Select,Pirum RS-07,1119,N,10
Rural,Select,Pirum RS-08,1120,N,10
Rural,Select,Pirum RS-09,1121,N,10
Rural,Select,Pirum RS-10,1122,N,10
Rural,Select,Pirum RS-11,1123,N,10
Rural,Select,Pomum RS-01,1746,N,11
Rural,Select,Pomum RS-02,1747,N,11
Rural,Select,Pomum RS-03,1748,N,11
Rural,Select,Currus RS-01,1982,N,4
Rural,Select,Currus RS-02,1983,N,4
Rural,Select,Currus RS-03,1984,N,4
Rural,Select,Currus RS-04,1985,N,4
Rural,Select,Currus RS-05,1986,N,4
Rural,Select,Currus RS-06,1987,N,4
Rural,Select,Currus RS-07,1988,N,4
Rural,Select,Currus RS-08,1989,N,4
Rural,Select,Currus RS-09,1990,N,4
Rural,Select,Currus RS-10,1991,N,4
Rural,Select,Currus RS-11,1992,N,4
Rural,Select,Currus RS-12,1993,N,4
Rural,Select,Aliqui RS-01,2268,N,2
Rural,Select,Aliqui RS-02,2269,N,2
Rural,Select,Aliqui RS-03,2270,N,2
Rural,Select,Aliqui RS-04,2271,N,2
Rural,Select,Aliqui RS-05,2272,N,2
Rural,Select,Aliqui RS-06,2273,N,2
Rural,Select,Aliqui RS-07,2274,N,2
Rural,Select,Aliqui RS-08,2275,N,2
Rural,Select,Aliqui RS-09,2276,N,2
Rural,Select,Aliqui RS-10,2277,N,2
Rural,Select,Aliqui RS-11,2278,N,2
Rural,Select,Aliqui RS-12,2279,N,2
Rural,Select,Aliqui RS-13,2280,N,2
Rural,Select,Aliqui RS-14,2281,N,2
Rural,Select,Aliqui RS-15,2282,N,2
Rural,Select,Aliqui RS-16,2283,N,2
Rural,Select,Aliqui RS-17,2284,N,2
Rural,Select,Aliqui RS-18,2285,N,2
Youth,Youth,Abbas YY-01,197,Y,1
Youth,Youth,Abbas YY-02,198,Y,1
Youth,Youth,Natura YY-01,1000,N,8
Youth,Youth,Natura YY-02,1001,N,8
Youth,Youth,Natura YY-03,1002,N,8
Youth,Youth,Natura YY-04,1003,N,8
Youth,Youth,Natura YY-05,1004,N,8
Youth,Youth,Natura YY-06,1005,N,8
Youth,Youth,Natura YY-07,1006,N,8
Youth,Youth,Natura YY-08,1007,N,8
Youth,Youth,Natura YY-09,1008,N,8
Youth,Youth,Natura YY-10,1009,N,8
Youth,Youth,Natura YY-11,1010,N,8
Youth,Youth,Natura YY-12,1011,N,8
Youth,Youth,Natura YY-13,1012,N,8
Youth,Youth,Natura YY-14,1013,N,8
Youth,Youth,Natura YY-15,1014,N,8
Youth,Youth,Natura YY-16,1015,N,8
Youth,Youth,Natura YY-17,1016,N,8
Youth,Youth,Natura YY-18,1017,N,8
Youth,Youth,Natura YY-19,1018,N,8
Youth,Youth,Natura YY-20,1019,N,8
Youth,Youth,Natura YY-21,1020,N,8
Youth,Youth,Natura YY-22,1021,N,8
Youth,Youth,Natura YY-23,1022,N,8
Youth,Youth,Natura YY-24,1023,N,8
Youth,Youth,Natura YY-25,1024,N,8
Youth,Youth,Natura YY-26,1025,N,8
Youth,Youth,Natura YY-27,1026,N,8
Youth,Youth,Salvus YY-01,1690,N,13
Youth,Youth,Salvus YY-02,1691,N,13
Youth,Youth,Salvus YY-03,1692,N,13
Youth,Youth,Salvus YY-04,1693,N,13
Youth,Youth,Salvus YY-05,1694,N,13
Youth,Youth,Salvus YY-06,1695,N,13
Youth,Youth,Salvus YY-07,1696,N,13
Youth,Youth,Salvus YY-08,1697,N,13
Youth,Youth,Salvus YY-09,1698,N,13
Youth,Youth,Salvus YY-10,1699,N,13
Youth,Youth,Salvus YY-11,1700,N,13
Youth,Youth,Salvus YY-12,1701,N,13
Youth,Youth,Salvus YY-13,1702,N,13
Youth,Youth,Salvus YY-14,1703,N,13
Youth,Youth,Salvus YY-15,1704,Y,13
Youth,Youth,Salvus YY-16,1705,N,13
Youth,Youth,Salvus YY-17,1706,N,13
Youth,Youth,Salvus YY-18,1707,N,13
Youth,Youth,Salvus YY-19,1708,N,13
Youth,Youth,Salvus YY-20,1709,N,13
Youth,Youth,Salvus YY-21,1710,N,13
Youth,Youth,Salvus YY-22,1711,N,13
Youth,Youth,Salvus YY-23,1712,N,13
Youth,Youth,Salvus YY-24,1713,N,13
Youth,Youth,Salvus YY-25,1714,N,13
Youth,Youth,Salvus YY-26,1715,N,13
Youth,Youth,Salvus YY-27,1716,N,13
Youth,Youth,Salvus YY-28,1717,N,13
Youth,Youth,Salvus YY-29,1718,N,13
Youth,Youth,Salvus YY-30,1719,N,13
Youth,Youth,Salvus YY-31,1720,N,13
Youth,Youth,Salvus YY-32,1721,N,13
Youth,Youth,Salvus YY-33,1722,N,13
Youth,Youth,Salvus YY-34,1723,N,13
Youth,Youth,Salvus YY-35,1724,N,13
Youth,Youth,Salvus YY-36,1725,N,13
Youth,Youth,Pomum YY-01,1806,N,11
Youth,Youth,Pomum YY-02,1807,N,11
Youth,Youth,Pomum YY-03,1808,N,11
Youth,Youth,Pomum YY-04,1809,N,11
Youth,Youth,Pomum YY-05,1810,N,11
Youth,Youth,Pomum YY-06,1811,N,11
Youth,Youth,Pomum YY-07,1812,N,11
Youth,Youth,Pomum YY-08,1813,N,11
Youth,Youth,Pomum YY-09,1814,N,11
Youth,Youth,Pomum YY-10,1815,N,11
Youth,Youth,Pomum YY-11,1816,N,11
Youth,Youth,Pomum YY-12,1817,N,11
Youth,Youth,Pomum YY-13,1818,N,11
Youth,Youth,Pomum YY-14,1819,N,11
Youth,Youth,Pomum YY-15,1820,N,11
Youth,Youth,Pomum YY-16,1821,N,11
Youth,Youth,Pomum YY-17,1822,N,11
Youth,Youth,Pomum YY-18,1823,N,11
Youth,Youth,Pomum YY-19,1824,N,11
Youth,Youth,Pomum YY-20,1825,N,11
Youth,Youth,Pomum YY-21,1826,N,11
Youth,Youth,Pomum YY-22,1827,N,11
Youth,Youth,Pomum YY-23,1828,N,11
Youth,Youth,Pomum YY-24,1829,N,11
Youth,Youth,Pomum YY-25,1830,N,11
Youth,Youth,Pomum YY-26,1831,N,11
Youth,Youth,Pomum YY-27,1832,N,11
Youth,Youth,Pomum YY-28,1833,N,11
Youth,Youth,Pomum YY-29,1834,N,11
Youth,Youth,Pomum YY-30,1835,N,11
Youth,Youth,Pomum YY-31,1836,N,11
Youth,Youth,Pomum YY-32,1837,N,11
Youth,Youth,Pomum YY-33,1838,N,11
Youth,Youth,Pomum YY-34,1839,N,11
Youth,Youth,Pomum YY-35,1840,N,11
Youth,Youth,Pomum YY-36,1841,N,11
Youth,Youth,Pomum YY-37,1842,N,11
Youth,Youth,Pomum YY-38,1843,N,11
Youth,Youth,Pomum YY-39,1844,N,11
Youth,Youth,Pomum YY-40,1845,N,11
Youth,Youth,Pomum YY-41,1846,N,11
Youth,Youth,Pomum YY-42,1847,N,11
Youth,Youth,Pomum YY-43,1848,N,11
Youth,Youth,Pomum YY-44,1849,N,11
Youth,Youth,Pomum YY-45,1850,N,11
Youth,Youth,Pomum YY-46,1851,N,11
Youth,Youth,Pomum YY-47,1852,N,11
Youth,Youth,Pomum YY-48,1853,N,11
Youth,Youth,Pomum YY-49,1854,N,11
Youth,Youth,Pomum YY-50,1855,N,11
Youth,Youth,Pomum YY-51,1856,N,11
Youth,Youth,Pomum YY-52,1857,N,11
Youth,Youth,Pomum YY-53,1858,N,11
Youth,Youth,Pomum YY-54,1859,N,11
Youth,Youth,Pomum YY-55,1860,N,11
Youth,Youth,Pomum YY-56,1861,N,11
Youth,Youth,Pomum YY-57,1862,N,11
Youth,Youth,Currus YY-01,2097,N,4
Youth,Youth,Currus YY-02,2098,N,4
Youth,Youth,Currus YY-03,2099,Y,4
Youth,Youth,Currus YY-04,2100,Y,4
Youth,Youth,Currus YY-05,2101,N,4
Youth,Youth,Aliqui YY-01,2392,N,2
Youth,Youth,Aliqui YY-02,2393,N,2
Youth,Youth,Aliqui YY-03,2394,N,2
Youth,Youth,Aliqui YY-04,2395,N,2
Youth,Youth,Aliqui YY-05,2396,N,2
Youth,Youth,Aliqui YY-06,2397,N,2
Youth,Youth,Aliqui YY-07,2398,N,2
Youth,Youth,Aliqui YY-08,2399,N,2
Youth,Youth,Aliqui YY-09,2400,N,2
Youth,Youth,Aliqui YY-10,2401,N,2
Youth,Youth,Aliqui YY-11,2402,N,2
Youth,Youth,Aliqui YY-12,2403,N,2
Youth,Youth,Aliqui YY-13,2404,N,2
Youth,Youth,Aliqui YY-14,2405,N,2
Youth,Youth,Aliqui YY-15,2406,N,2
Youth,Youth,Aliqui YY-16,2407,N,2
Youth,Youth,Aliqui YY-17,2408,N,2
Youth,Youth,Aliqui YY-18,2409,N,2
Youth,Youth,Aliqui YY-19,2410,N,2
Youth,Youth,Aliqui YY-20,2411,N,2
Youth,Youth,Aliqui YY-21,2412,N,2
Rural,Select,Quibus RS-01,1563,N,12
Rural,Select,Quibus RS-02,1564,N,12
Rural,Select,Quibus RS-03,1565,N,12
Rural,Select,Quibus RS-04,1566,N,12
Rural,Select,Quibus RS-05,1567,N,12
Rural,Select,Quibus RS-06,1568,N,12
Rural,Select,Quibus RS-07,1569,N,12
Rural,Select,Quibus RS-08,1570,N,12
Rural,Select,Quibus RS-09,1571,N,12
Rural,Select,Quibus RS-10,1572,N,12
Rural,Select,Quibus RS-11,1573,N,12
Rural,Select,Quibus RS-12,1574,N,12
Rural,Select,Quibus RS-13,1575,N,12
Rural,Select,Quibus RS-14,1576,N,12
Rural,Select,Quibus RS-15,1577,N,12
Rural,Select,Quibus RS-16,1578,N,12
Rural,Select,Quibus RS-17,1579,N,12
Rural,Select,Quibus RS-18,1580,N,12
Rural,Select,Quibus RS-19,1581,N,12
Rural,Select,Quibus RS-20,1582,N,12
Rural,Select,Quibus RS-21,1583,N,12
Rural,Select,Quibus RS-22,1584,N,12
Rural,Select,Quibus RS-23,1585,N,12
Rural,Select,Quibus RS-24,1586,N,12
Rural,Select,Quibus RS-25,1587,N,12
Rural,Select,Quibus RS-26,1588,N,12
Rural,Select,Quibus RS-27,1589,N,12
Rural,Select,Quibus RS-28,1590,N,12
Rural,Select,Quibus RS-29,1591,N,12
Rural,Select,Quibus RS-30,1592,N,12
Rural,Select,Quibus RS-31,1593,N,12
Rural,Select,Quibus RS-32,1594,N,12
Rural,Select,Quibus RS-33,1595,N,12
Rural,Select,Quibus RS-34,1596,N,12
Rural,Select,Quibus RS-35,1597,N,12
Rural,Select,Quibus RS-36,1598,N,12
Rural,Select,Quibus RS-37,1599,N,12
Rural,Select,Quibus RS-38,1600,N,12
Rural,Select,Quibus RS-39,1601,N,12
Rural,Select,Quibus RS-40,1602,N,12
Rural,Select,Quibus RS-41,1603,N,12
Rural,Select,Quibus RS-42,1604,N,12
Rural,Select,Quibus RS-43,1605,N,12
Rural,Select,Quibus RS-44,1606,N,12
Rural,Select,Quibus RS-45,1607,N,12
Rural,Select,Quibus RS-46,1608,N,12
Rural,Select,Quibus RS-47,1609,N,12
Rural,Select,Quibus RS-48,1610,N,12
Rural,Select,Quibus RS-49,1611,N,12
Rural,Select,Quibus RS-50,1612,N,12
Rural,Select,Quibus RS-51,1613,N,12
Rural,Select,Quibus RS-52,1614,N,12
Rural,Select,Quibus RS-53,1615,N,12
Rural,Select,Quibus RS-54,1616,N,12
Rural,Select,Quibus RS-55,1617,N,12
Rural,Select,Quibus RS-56,1618,N,12
Rural,Select,Quibus RS-57,1619,N,12
Rural,Select,Quibus RS-58,1620,N,12
Rural,Select,Quibus RS-59,1621,N,12
Rural,Select,Quibus RS-60,1622,N,12
Rural,Select,Quibus RS-61,1623,N,12
Rural,Select,Quibus RS-62,1624,N,12
Rural,Select,Quibus RS-63,1625,N,12
Rural,Select,Quibus RS-64,1626,N,12
Rural,Select,Quibus RS-65,1627,N,12
Rural,Select,Quibus RS-66,1628,N,12
Rural,Select,Quibus RS-67,1629,N,12
Rural,Select,Quibus RS-68,1630,N,12
Rural,Select,Quibus RS-69,1631,N,12
Rural,Select,Quibus RS-70,1632,N,12
Rural,Select,Quibus RS-71,1633,N,12
Rural,Select,Quibus RS-72,1634,N,12
Rural,Select,Quibus RS-73,1635,N,12
Rural,Select,Quibus RS-74,1636,N,12
Rural,Select,Quibus RS-75,1637,N,12
Rural,Select,Quibus RS-76,1638,N,12
Rural,Select,Quibus RS-77,1639,N,12
Rural,Select,Quibus RS-78,1640,N,12
Rural,Select,Quibus RS-79,1641,N,12
Rural,Select,Quibus RS-80,1642,N,12
Rural,Select,Quibus RS-81,1643,N,12
Rural,Select,Quibus RS-82,1644,N,12
Rural,Select,Quibus RS-83,1645,N,12
Rural,Select,Quibus RS-84,1646,N,12
Rural,Select,Quibus RS-85,1647,N,12
Rural,Select,Quibus RS-86,1648,N,12
Rural,Select,Quibus RS-87,1649,N,12
Rural,Select,Quibus RS-88,1650,N,12
Rural,Select,Quibus RS-89,1651,N,12
Rural,Select,Quibus RS-90,1652,N,12
Rural,Select,Quibus RS-91,1653,N,12
Rural,Select,Quibus RS-92,1654,N,12
Rural,Select,Quibus RS-93,1655,N,12
Rural,Select,Quibus RS-94,1656,N,12
Rural,Select,Quibus RS-95,1657,N,12
Rural,Select,Quibus RS-96,1658,N,12
Rural,Select,Quibus RS-97,1659,N,12
Rural,Select,Quibus RS-98,1660,N,12
Rural,Select,Quibus RS-99,1661,N,12
Rural,Select,Quibus RS-00,1662,N,12
Rural,Select,Quibus RS-01,1663,N,12
Rural,Select,Quibus RS-02,1664,N,12
Rural,Select,Quibus RS-03,1665,N,12
Rural,Select,Quibus RS-04,1666,N,12
Rural,Select,Quibus RS-05,1667,N,12
Mix,All Season,Quibus MA-01,1265,N,12
Mix,All Season,Quibus MA-02,1266,N,12
Mix,All Season,Quibus MA-03,1267,N,12
Mix,All Season,Quibus MA-04,1268,N,12
Mix,All Season,Quibus MA-05,1269,N,12
Mix,All Season,Quibus MA-06,1270,N,12
Mix,All Season,Quibus MA-07,1271,N,12
Mix,All Season,Quibus MA-08,1272,N,12
Mix,All Season,Quibus MA-09,1273,N,12
Mix,All Season,Quibus MA-10,1274,N,12
Mix,All Season,Quibus MA-11,1275,N,12
Mix,All Season,Quibus MA-12,1276,N,12
Mix,All Season,Quibus MA-13,1277,N,12
Mix,All Season,Quibus MA-14,1278,N,12
Mix,All Season,Quibus MA-15,1279,N,12
Mix,All Season,Quibus MA-16,1280,N,12
Mix,All Season,Quibus MA-17,1281,N,12
Mix,All Season,Quibus MA-18,1282,N,12
Mix,All Season,Quibus MA-19,1283,N,12
Mix,All Season,Quibus MA-20,1284,N,12
Mix,All Season,Quibus MA-21,1285,N,12
Mix,All Season,Quibus MA-22,1286,N,12
Mix,All Season,Quibus MA-23,1287,N,12
Mix,All Season,Quibus MA-24,1288,N,12
Mix,All Season,Quibus MA-25,1289,N,12
Mix,All Season,Quibus MA-26,1290,N,12
Mix,All Season,Quibus MA-27,1291,N,12
Mix,All Season,Quibus MA-28,1292,N,12
Mix,All Season,Quibus MA-29,1293,N,12
Mix,All Season,Quibus MA-30,1294,N,12
Mix,All Season,Quibus MA-31,1295,N,12
Mix,All Season,Quibus MA-32,1296,N,12
Mix,All Season,Quibus MA-33,1297,N,12
Mix,All Season,Quibus MA-34,1298,N,12
Mix,All Season,Quibus MA-35,1299,N,12
Mix,All Season,Quibus MA-36,1300,N,12
Mix,All Season,Quibus MA-37,1301,N,12
Mix,All Season,Quibus MA-38,1302,N,12
Mix,All Season,Quibus MA-39,1303,N,12
Mix,All Season,Quibus MA-40,1304,N,12
Mix,All Season,Quibus MA-41,1305,N,12
Mix,All Season,Quibus MA-42,1306,N,12
Mix,All Season,Quibus MA-43,1307,N,12
Mix,All Season,Quibus MA-44,1308,N,12
Rural,Productivity,Natura RP-01,713,N,8
Rural,Productivity,Natura RP-02,714,N,8
Rural,Productivity,Natura RP-03,715,N,8
Rural,Productivity,Natura RP-04,716,N,8
Rural,Productivity,Natura RP-05,717,N,8
Rural,Productivity,Natura RP-06,718,N,8
Rural,Productivity,Natura RP-07,719,N,8
Rural,Productivity,Natura RP-08,720,N,8
Rural,Productivity,Natura RP-09,721,N,8
Rural,Productivity,Natura RP-10,722,N,8
Rural,Productivity,Natura RP-11,723,N,8
Rural,Productivity,Natura RP-12,724,N,8
Rural,Productivity,Natura RP-13,725,N,8
Rural,Productivity,Natura RP-14,726,N,8
Rural,Productivity,Natura RP-15,727,N,8
Rural,Productivity,Natura RP-16,728,N,8
Rural,Productivity,Natura RP-17,729,N,8
Rural,Productivity,Natura RP-18,730,N,8
Rural,Productivity,Natura RP-19,731,N,8
Rural,Productivity,Natura RP-20,732,N,8
Rural,Productivity,Natura RP-21,733,N,8
Rural,Productivity,Natura RP-22,734,N,8
Rural,Productivity,Natura RP-23,735,N,8
Rural,Productivity,Natura RP-24,736,N,8
Rural,Productivity,Natura RP-25,737,N,8
Rural,Productivity,Natura RP-26,738,N,8
Rural,Productivity,Natura RP-27,739,N,8
Rural,Productivity,Natura RP-28,740,N,8
Rural,Productivity,Natura RP-29,741,N,8
Rural,Productivity,Natura RP-30,742,N,8
Rural,Productivity,Natura RP-31,743,N,8
Rural,Productivity,Natura RP-32,744,N,8
Rural,Productivity,Natura RP-33,745,N,8
Rural,Productivity,Natura RP-34,746,N,8
Rural,Productivity,Natura RP-35,747,N,8
Rural,Productivity,Natura RP-36,748,N,8
Rural,Productivity,Natura RP-37,749,N,8
Rural,Productivity,Natura RP-38,750,N,8
Rural,Productivity,Natura RP-39,751,N,8
Rural,Productivity,Natura RP-40,752,N,8
Rural,Productivity,Natura RP-41,753,N,8
Rural,Productivity,Natura RP-42,754,N,8
Rural,Productivity,Natura RP-43,755,N,8
Rural,Productivity,Natura RP-44,756,N,8
Rural,Productivity,Natura RP-45,757,N,8
Rural,Productivity,Natura RP-46,758,N,8
Rural,Productivity,Natura RP-47,759,N,8
Rural,Productivity,Natura RP-48,760,N,8
Rural,Productivity,Natura RP-49,761,N,8
Rural,Productivity,Natura RP-50,762,N,8
Rural,Productivity,Natura RP-51,763,N,8
Rural,Productivity,Natura RP-52,764,N,8
Rural,Productivity,Natura RP-53,765,N,8
Rural,Productivity,Natura RP-54,766,N,8
Rural,Productivity,Natura RP-55,767,N,8
Rural,Productivity,Natura RP-56,768,N,8
Rural,Productivity,Natura RP-57,769,N,8
Rural,Productivity,Natura RP-58,770,N,8
Rural,Productivity,Natura RP-59,771,N,8
Rural,Productivity,Natura RP-60,772,N,8
Rural,Productivity,Natura RP-61,773,N,8
Rural,Productivity,Natura RP-62,774,N,8
Rural,Productivity,Natura RP-63,775,N,8
Rural,Productivity,Natura RP-64,776,N,8
Rural,Productivity,Natura RP-65,777,N,8
Rural,Productivity,Natura RP-66,778,N,8
Rural,Productivity,Natura RP-67,779,N,8
Rural,Productivity,Natura RP-68,780,N,8
Rural,Productivity,Natura RP-69,781,N,8
Rural,Productivity,Natura RP-70,782,N,8
Rural,Productivity,Natura RP-71,783,N,8
Rural,Productivity,Natura RP-72,784,N,8
Rural,Productivity,Natura RP-73,785,N,8
Rural,Productivity,Natura RP-74,786,N,8
Rural,Productivity,Natura RP-75,787,N,8
Rural,Productivity,Natura RP-76,788,N,8
Rural,Productivity,Natura RP-77,789,N,8
Rural,Productivity,Natura RP-78,790,N,8
Rural,Productivity,Natura RP-79,791,N,8
Rural,Productivity,Natura RP-80,792,N,8
Rural,Productivity,Natura RP-81,793,N,8
Rural,Productivity,Natura RP-82,794,N,8
Rural,Productivity,Natura RP-83,795,N,8
Rural,Productivity,Natura RP-84,796,N,8
Rural,Productivity,Aliqui RP-01,2204,N,2
Rural,Productivity,Aliqui RP-02,2205,N,2
Rural,Productivity,Aliqui RP-03,2206,N,2
Rural,Productivity,Aliqui RP-04,2207,N,2
Rural,Productivity,Aliqui RP-05,2208,N,2
Rural,Productivity,Aliqui RP-06,2209,N,2
Rural,Productivity,Aliqui RP-07,2210,N,2
Rural,Productivity,Aliqui RP-08,2211,N,2
Rural,Productivity,Aliqui RP-09,2212,N,2
Rural,Productivity,Aliqui RP-10,2213,N,2
Rural,Productivity,Aliqui RP-11,2214,N,2
Rural,Productivity,Aliqui RP-12,2215,N,2
Rural,Productivity,Aliqui RP-13,2216,N,2
Rural,Productivity,Aliqui RP-14,2217,N,2
Rural,Productivity,Aliqui RP-15,2218,N,2
Rural,Productivity,Aliqui RP-16,2219,N,2
Rural,Productivity,Aliqui RP-17,2220,N,2
Rural,Productivity,Aliqui RP-18,2221,N,2
Rural,Productivity,Aliqui RP-19,2222,N,2
Rural,Productivity,Aliqui RP-20,2223,N,2
Rural,Productivity,Aliqui RP-21,2224,N,2
Rural,Productivity,Aliqui RP-22,2225,N,2
Rural,Productivity,Aliqui RP-23,2226,N,2
Rural,Productivity,Aliqui RP-24,2227,N,2
Rural,Productivity,Aliqui RP-25,2228,N,2
Rural,Productivity,Aliqui RP-26,2229,N,2
Rural,Productivity,Aliqui RP-27,2230,N,2
Rural,Productivity,Aliqui RP-28,2231,N,2
Rural,Productivity,Aliqui RP-29,2232,N,2
Rural,Productivity,Aliqui RP-30,2233,N,2
Rural,Productivity,Aliqui RP-31,2234,N,2
Rural,Productivity,Aliqui RP-32,2235,N,2
Rural,Productivity,Aliqui RP-33,2236,N,2
Rural,Productivity,Aliqui RP-34,2237,N,2
Rural,Productivity,Aliqui RP-35,2238,N,2
Rural,Productivity,Aliqui RP-36,2239,N,2
Rural,Productivity,Aliqui RP-37,2240,N,2
Rural,Productivity,Aliqui RP-38,2241,N,2
Rural,Productivity,Aliqui RP-39,2242,N,2
Rural,Productivity,Aliqui RP-40,2243,N,2
Rural,Productivity,Aliqui RP-41,2244,N,2
Rural,Productivity,Aliqui RP-42,2245,N,2
Rural,Productivity,Aliqui RP-43,2246,N,2
Rural,Productivity,Aliqui RP-44,2247,N,2
Rural,Productivity,Aliqui RP-45,2248,N,2
Rural,Productivity,Aliqui RP-46,2249,N,2
Rural,Productivity,Aliqui RP-47,2250,N,2
Rural,Productivity,Aliqui RP-48,2251,N,2
Rural,Productivity,Aliqui RP-49,2252,N,2
Rural,Productivity,Aliqui RP-50,2253,N,2
Rural,Productivity,Aliqui RP-51,2254,N,2
Rural,Productivity,Aliqui RP-52,2255,N,2
Rural,Productivity,Aliqui RP-53,2256,N,2
Rural,Productivity,Aliqui RP-54,2257,N,2
Rural,Productivity,Aliqui RP-55,2258,N,2
Rural,Productivity,Aliqui RP-56,2259,N,2
Rural,Productivity,Aliqui RP-57,2260,N,2
Rural,Productivity,Aliqui RP-58,2261,N,2
Rural,Productivity,Aliqui RP-59,2262,N,2
Rural,Productivity,Aliqui RP-60,2263,N,2
Rural,Productivity,Aliqui RP-61,2264,N,2
Rural,Productivity,Aliqui RP-62,2265,N,2
Rural,Productivity,Aliqui RP-63,2266,N,2
Rural,Productivity,Aliqui RP-64,2267,N,2
Rural,Productivity,Abbas RP-01,46,N,1
Rural,Productivity,Abbas RP-02,47,N,1
Rural,Productivity,Abbas RP-03,48,N,1
Rural,Productivity,Abbas RP-04,49,N,1
Rural,Productivity,Abbas RP-05,50,N,1
Rural,Productivity,Abbas RP-06,51,N,1
Rural,Productivity,Abbas RP-07,52,N,1
Rural,Productivity,Abbas RP-08,53,N,1
Rural,Productivity,Abbas RP-09,54,N,1
Rural,Productivity,Abbas RP-10,55,N,1
Rural,Productivity,Abbas RP-11,56,N,1
Rural,Productivity,Abbas RP-12,57,N,1
Rural,Productivity,Abbas RP-13,58,N,1
Rural,Productivity,Abbas RP-14,59,N,1
Rural,Productivity,Abbas RP-15,60,N,1
Rural,Productivity,Abbas RP-16,61,N,1
Rural,Productivity,Abbas RP-17,62,N,1
Rural,Productivity,Abbas RP-18,63,N,1
Rural,Productivity,Abbas RP-19,64,N,1
Rural,Productivity,Abbas RP-20,65,N,1
Rural,Productivity,Abbas RP-21,66,N,1
Rural,Productivity,Abbas RP-22,67,N,1
Rural,Productivity,Fama RP-01,213,N,5
Rural,Productivity,Fama RP-02,214,N,5
Rural,Productivity,Fama RP-03,215,N,5
Rural,Productivity,Fama RP-04,216,N,5
Rural,Productivity,Fama RP-05,217,N,5
Rural,Productivity,Fama RP-06,218,N,5
Rural,Productivity,Fama RP-07,219,N,5
Rural,Productivity,Fama RP-08,220,N,5
Rural,Productivity,Fama RP-09,221,N,5
Rural,Productivity,Fama RP-10,222,N,5
Rural,Productivity,Maximus RP-01,392,N,7
Rural,Productivity,Maximus RP-02,393,N,7
Rural,Productivity,Pirum RP-01,1055,N,10
Rural,Productivity,Pirum RP-02,1056,N,10
Rural,Productivity,Pirum RP-03,1057,N,10
Rural,Productivity,Pirum RP-04,1058,N,10
Rural,Productivity,Pirum RP-05,1059,N,10
Rural,Productivity,Pirum RP-06,1060,N,10
Rural,Productivity,Pirum RP-07,1061,N,10
Rural,Productivity,Pirum RP-08,1062,N,10
Rural,Productivity,Pirum RP-09,1063,N,10
Rural,Productivity,Pirum RP-10,1064,N,10
Rural,Productivity,Pirum RP-11,1065,N,10
Rural,Productivity,Pirum RP-12,1066,N,10
Rural,Productivity,Pirum RP-13,1067,N,10
Rural,Productivity,Pirum RP-14,1068,N,10
Rural,Productivity,Pirum RP-15,1069,N,10
Rural,Productivity,Pirum RP-16,1070,N,10
Rural,Productivity,Pirum RP-17,1071,N,10
Rural,Productivity,Pirum RP-18,1072,N,10
Rural,Productivity,Pirum RP-19,1073,N,10
Rural,Productivity,Pirum RP-20,1074,N,10
Rural,Productivity,Pirum RP-21,1075,N,10
Rural,Productivity,Pirum RP-22,1076,N,10
Rural,Productivity,Pirum RP-23,1077,N,10
Rural,Productivity,Pirum RP-24,1078,N,10
Rural,Productivity,Pirum RP-25,1079,N,10
Rural,Productivity,Pirum RP-26,1080,N,10
Rural,Productivity,Pirum RP-27,1081,N,10
Rural,Productivity,Pirum RP-28,1082,N,10
Rural,Productivity,Pirum RP-29,1083,N,10
Rural,Productivity,Pirum RP-30,1084,N,10
Rural,Productivity,Pirum RP-31,1085,N,10
Rural,Productivity,Pirum RP-32,1086,N,10
Rural,Productivity,Pirum RP-33,1087,N,10
Rural,Productivity,Pirum RP-34,1088,N,10
Rural,Productivity,Pirum RP-35,1089,N,10
Rural,Productivity,Pirum RP-36,1090,N,10
Rural,Productivity,Pirum RP-37,1091,N,10
Rural,Productivity,Pirum RP-38,1092,N,10
Rural,Productivity,Pirum RP-39,1093,N,10
Rural,Productivity,Pirum RP-40,1094,N,10
Rural,Productivity,Pirum RP-41,1095,N,10
Rural,Productivity,Pirum RP-42,1096,N,10
Rural,Productivity,Pirum RP-43,1097,N,10
Rural,Productivity,Pirum RP-44,1098,N,10
Rural,Productivity,Pirum RP-45,1099,N,10
Rural,Productivity,Pirum RP-46,1100,N,10
Rural,Productivity,Pirum RP-47,1101,N,10
Rural,Productivity,Pirum RP-48,1102,N,10
Rural,Productivity,Pirum RP-49,1103,N,10
Rural,Productivity,Pirum RP-50,1104,N,10
Rural,Productivity,Pirum RP-51,1105,N,10
Rural,Productivity,Pirum RP-52,1106,N,10
Rural,Productivity,Pirum RP-53,1107,N,10
Rural,Productivity,Pirum RP-54,1108,N,10
Rural,Productivity,Pirum RP-55,1109,N,10
Rural,Productivity,Pirum RP-56,1110,N,10
Rural,Productivity,Pirum RP-57,1111,N,10
Rural,Productivity,Pirum RP-58,1112,N,10
Rural,Productivity,Pomum RP-01,1732,N,11
Rural,Productivity,Pomum RP-02,1733,N,11
Rural,Productivity,Pomum RP-03,1734,N,11
Rural,Productivity,Pomum RP-04,1735,N,11
Rural,Productivity,Pomum RP-05,1736,N,11
Rural,Productivity,Pomum RP-06,1737,N,11
Rural,Productivity,Pomum RP-07,1738,N,11
Rural,Productivity,Pomum RP-08,1739,N,11
Rural,Productivity,Pomum RP-09,1740,N,11
Rural,Productivity,Pomum RP-10,1741,N,11
Rural,Productivity,Pomum RP-11,1742,N,11
Rural,Productivity,Pomum RP-12,1743,N,11
Rural,Productivity,Pomum RP-13,1744,N,11
Rural,Productivity,Pomum RP-14,1745,N,11
Rural,Productivity,Currus RP-01,1926,N,4
Rural,Productivity,Currus RP-02,1927,N,4
Rural,Productivity,Currus RP-03,1928,N,4
Rural,Productivity,Currus RP-04,1929,N,4
Rural,Productivity,Currus RP-05,1930,N,4
Rural,Productivity,Currus RP-06,1931,N,4
Rural,Productivity,Currus RP-07,1932,N,4
Rural,Productivity,Currus RP-08,1933,N,4
Rural,Productivity,Currus RP-09,1934,N,4
Rural,Productivity,Currus RP-10,1935,N,4
Rural,Productivity,Currus RP-11,1936,N,4
Rural,Productivity,Currus RP-12,1937,N,4
Rural,Productivity,Currus RP-13,1938,N,4
Rural,Productivity,Currus RP-14,1939,N,4
Rural,Productivity,Currus RP-15,1940,N,4
Rural,Productivity,Currus RP-16,1941,N,4
Rural,Productivity,Currus RP-17,1942,N,4
Rural,Productivity,Currus RP-18,1943,N,4
Rural,Productivity,Currus RP-19,1944,N,4
Rural,Productivity,Currus RP-20,1945,N,4
Rural,Productivity,Currus RP-21,1946,N,4
Rural,Productivity,Currus RP-22,1947,N,4
Rural,Productivity,Currus RP-23,1948,N,4
Rural,Productivity,Currus RP-24,1949,N,4
Rural,Productivity,Currus RP-25,1950,N,4
Rural,Productivity,Currus RP-26,1951,N,4
Rural,Productivity,Currus RP-27,1952,N,4
Rural,Productivity,Currus RP-28,1953,N,4
Rural,Productivity,Currus RP-29,1954,N,4
Rural,Productivity,Currus RP-30,1955,N,4
Rural,Productivity,Currus RP-31,1956,N,4
Rural,Productivity,Currus RP-32,1957,N,4
Rural,Productivity,Currus RP-33,1958,N,4
Rural,Productivity,Currus RP-34,1959,N,4
Rural,Productivity,Currus RP-35,1960,N,4
Rural,Productivity,Currus RP-36,1961,N,4
Rural,Productivity,Currus RP-37,1962,N,4
Rural,Productivity,Currus RP-38,1963,N,4
Rural,Productivity,Currus RP-39,1964,N,4
Rural,Productivity,Currus RP-40,1965,N,4
Rural,Productivity,Currus RP-41,1966,N,4
Rural,Productivity,Currus RP-42,1967,N,4
Rural,Productivity,Currus RP-43,1968,N,4
Rural,Productivity,Currus RP-44,1969,N,4
Rural,Productivity,Currus RP-45,1970,N,4
Rural,Productivity,Currus RP-46,1971,N,4
Rural,Productivity,Currus RP-47,1972,N,4
Rural,Productivity,Currus RP-48,1973,N,4
Rural,Productivity,Currus RP-49,1974,N,4
Rural,Productivity,Currus RP-50,1975,N,4
Rural,Productivity,Currus RP-51,1976,N,4
Rural,Productivity,Currus RP-52,1977,N,4
Rural,Productivity,Currus RP-53,1978,N,4
Rural,Productivity,Currus RP-54,1979,N,4
Rural,Productivity,Currus RP-55,1980,N,4
Rural,Productivity,Currus RP-56,1981,N,4
Rural,Productivity,Victoria RP-01,2108,N,14
Rural,Productivity,Victoria RP-02,2109,N,14
Rural,Productivity,Quibus RP-01,1309,N,12
Rural,Productivity,Quibus RP-02,1310,N,12
Rural,Productivity,Quibus RP-03,1311,N,12
Rural,Productivity,Quibus RP-04,1312,N,12
Rural,Productivity,Quibus RP-05,1313,N,12
Rural,Productivity,Quibus RP-06,1314,N,12
Rural,Productivity,Quibus RP-07,1315,N,12
Rural,Productivity,Quibus RP-08,1316,N,12
Rural,Productivity,Quibus RP-09,1317,N,12
Rural,Productivity,Quibus RP-10,1318,N,12
Rural,Productivity,Quibus RP-11,1319,N,12
Rural,Productivity,Quibus RP-12,1320,N,12
Rural,Productivity,Quibus RP-13,1321,N,12
Rural,Productivity,Quibus RP-14,1322,N,12
Rural,Productivity,Quibus RP-15,1323,N,12
Rural,Productivity,Quibus RP-16,1324,N,12
Rural,Productivity,Quibus RP-17,1325,N,12
Rural,Productivity,Quibus RP-18,1326,N,12
Rural,Productivity,Quibus RP-19,1327,N,12
Rural,Productivity,Quibus RP-20,1328,N,12
Rural,Productivity,Quibus RP-21,1329,N,12
Rural,Productivity,Quibus RP-22,1330,N,12
Rural,Productivity,Quibus RP-23,1331,N,12
Rural,Productivity,Quibus RP-24,1332,N,12
Rural,Productivity,Quibus RP-25,1333,N,12
Rural,Productivity,Quibus RP-26,1334,N,12
Rural,Productivity,Quibus RP-27,1335,N,12
Rural,Productivity,Quibus RP-28,1336,N,12
Rural,Productivity,Quibus RP-29,1337,N,12
Rural,Productivity,Quibus RP-30,1338,N,12
Rural,Productivity,Quibus RP-31,1339,N,12
Rural,Productivity,Quibus RP-32,1340,N,12
Rural,Productivity,Quibus RP-33,1341,N,12
Rural,Productivity,Quibus RP-34,1342,N,12
Rural,Productivity,Quibus RP-35,1343,N,12
Rural,Productivity,Quibus RP-36,1344,N,12
Rural,Productivity,Quibus RP-37,1345,N,12
Rural,Productivity,Quibus RP-38,1346,N,12
Rural,Productivity,Quibus RP-39,1347,N,12
Rural,Productivity,Quibus RP-40,1348,N,12
Rural,Productivity,Quibus RP-41,1349,N,12
Rural,Productivity,Quibus RP-42,1350,N,12
Rural,Productivity,Quibus RP-43,1351,N,12
Rural,Productivity,Quibus RP-44,1352,N,12
Rural,Productivity,Quibus RP-45,1353,N,12
Rural,Productivity,Quibus RP-46,1354,N,12
Rural,Productivity,Quibus RP-47,1355,N,12
Rural,Productivity,Quibus RP-48,1356,N,12
Rural,Productivity,Quibus RP-49,1357,N,12
Rural,Productivity,Quibus RP-50,1358,N,12
Rural,Productivity,Quibus RP-51,1359,N,12
Rural,Productivity,Quibus RP-52,1360,N,12
Rural,Productivity,Quibus RP-53,1361,N,12
Rural,Productivity,Quibus RP-54,1362,N,12
Rural,Productivity,Quibus RP-55,1363,N,12
Rural,Productivity,Quibus RP-56,1364,N,12
Rural,Productivity,Quibus RP-57,1365,N,12
Rural,Productivity,Quibus RP-58,1366,N,12
Rural,Productivity,Quibus RP-59,1367,N,12
Rural,Productivity,Quibus RP-60,1368,N,12
Rural,Productivity,Quibus RP-61,1369,N,12
Rural,Productivity,Quibus RP-62,1370,N,12
Rural,Productivity,Quibus RP-63,1371,N,12
Rural,Productivity,Quibus RP-64,1372,N,12
Rural,Productivity,Quibus RP-65,1373,N,12
Rural,Productivity,Quibus RP-66,1374,N,12
Rural,Productivity,Quibus RP-67,1375,N,12
Rural,Productivity,Quibus RP-68,1376,N,12
Rural,Productivity,Quibus RP-69,1377,N,12
Rural,Productivity,Quibus RP-70,1378,N,12
Rural,Productivity,Quibus RP-71,1379,N,12
Rural,Productivity,Quibus RP-72,1380,N,12
Rural,Productivity,Quibus RP-73,1381,N,12
Rural,Productivity,Quibus RP-74,1382,N,12
Rural,Productivity,Quibus RP-75,1383,N,12
Rural,Productivity,Quibus RP-76,1384,N,12
Rural,Productivity,Quibus RP-77,1385,N,12
Rural,Productivity,Quibus RP-78,1386,N,12
Rural,Productivity,Quibus RP-79,1387,N,12
Rural,Productivity,Quibus RP-80,1388,N,12
Rural,Productivity,Quibus RP-81,1389,N,12
Rural,Productivity,Quibus RP-82,1390,N,12
Rural,Productivity,Quibus RP-83,1391,N,12
Rural,Productivity,Quibus RP-84,1392,N,12
Rural,Productivity,Quibus RP-85,1393,N,12
Rural,Productivity,Quibus RP-86,1394,N,12
Rural,Productivity,Quibus RP-87,1395,N,12
Rural,Productivity,Quibus RP-88,1396,N,12
Rural,Productivity,Quibus RP-89,1397,N,12
Rural,Productivity,Quibus RP-90,1398,N,12
Rural,Productivity,Quibus RP-91,1399,N,12
Rural,Productivity,Quibus RP-92,1400,N,12
Rural,Productivity,Quibus RP-93,1401,N,12
Rural,Productivity,Quibus RP-94,1402,N,12
Rural,Productivity,Quibus RP-95,1403,N,12
Rural,Productivity,Quibus RP-96,1404,N,12
Rural,Productivity,Quibus RP-97,1405,N,12
Rural,Productivity,Quibus RP-98,1406,N,12
Rural,Productivity,Quibus RP-99,1407,N,12
Rural,Productivity,Quibus RP-00,1408,N,12
Rural,Productivity,Quibus RP-01,1409,N,12
Rural,Productivity,Quibus RP-02,1410,N,12
Rural,Productivity,Quibus RP-03,1411,N,12
Rural,Productivity,Quibus RP-04,1412,N,12
Rural,Productivity,Quibus RP-05,1413,N,12
Rural,Productivity,Quibus RP-06,1414,N,12
Rural,Productivity,Quibus RP-07,1415,N,12
Rural,Productivity,Quibus RP-08,1416,N,12
Rural,Productivity,Quibus RP-09,1417,N,12
Rural,Productivity,Quibus RP-10,1418,N,12
Rural,Productivity,Quibus RP-11,1419,N,12
Rural,Productivity,Quibus RP-12,1420,N,12
Rural,Productivity,Quibus RP-13,1421,N,12
Rural,Productivity,Quibus RP-14,1422,N,12
Rural,Productivity,Quibus RP-15,1423,N,12
Rural,Productivity,Quibus RP-16,1424,N,12
Rural,Productivity,Quibus RP-17,1425,N,12
Rural,Productivity,Quibus RP-18,1426,N,12
Rural,Productivity,Quibus RP-19,1427,N,12
Rural,Productivity,Quibus RP-20,1428,N,12
Rural,Productivity,Quibus RP-21,1429,N,12
Rural,Productivity,Quibus RP-22,1430,N,12
Rural,Productivity,Quibus RP-23,1431,N,12
Rural,Productivity,Quibus RP-24,1432,N,12
Rural,Productivity,Quibus RP-25,1433,N,12
Rural,Productivity,Quibus RP-26,1434,N,12
Rural,Productivity,Quibus RP-27,1435,N,12
Rural,Productivity,Quibus RP-28,1436,N,12
Rural,Productivity,Quibus RP-29,1437,N,12
Rural,Productivity,Quibus RP-30,1438,N,12
Rural,Productivity,Quibus RP-31,1439,N,12
Rural,Productivity,Quibus RP-32,1440,N,12
Rural,Productivity,Quibus RP-33,1441,N,12
Rural,Productivity,Quibus RP-34,1442,N,12
Rural,Productivity,Quibus RP-35,1443,N,12
Rural,Productivity,Quibus RP-36,1444,N,12
Rural,Productivity,Quibus RP-37,1445,N,12
Rural,Productivity,Quibus RP-38,1446,N,12
Rural,Productivity,Quibus RP-39,1447,N,12
Rural,Productivity,Quibus RP-40,1448,N,12
Rural,Productivity,Quibus RP-41,1449,N,12
Rural,Productivity,Quibus RP-42,1450,N,12
Rural,Productivity,Quibus RP-43,1451,N,12
Rural,Productivity,Quibus RP-44,1452,N,12
Rural,Productivity,Quibus RP-45,1453,N,12
Rural,Productivity,Quibus RP-46,1454,N,12
Rural,Productivity,Quibus RP-47,1455,N,12
Rural,Productivity,Quibus RP-48,1456,N,12
Rural,Productivity,Quibus RP-49,1457,N,12
Rural,Productivity,Quibus RP-50,1458,N,12
Rural,Productivity,Quibus RP-51,1459,N,12
Rural,Productivity,Quibus RP-52,1460,N,12
Rural,Productivity,Quibus RP-53,1461,N,12
Rural,Productivity,Quibus RP-54,1462,N,12
Rural,Productivity,Quibus RP-55,1463,N,12
Rural,Productivity,Quibus RP-56,1464,N,12
Rural,Productivity,Quibus RP-57,1465,N,12
Rural,Productivity,Quibus RP-58,1466,N,12
Rural,Productivity,Quibus RP-59,1467,N,12
Rural,Productivity,Quibus RP-60,1468,N,12
Rural,Productivity,Quibus RP-61,1469,N,12
Rural,Productivity,Quibus RP-62,1470,N,12
Rural,Productivity,Quibus RP-63,1471,N,12
Rural,Productivity,Quibus RP-64,1472,N,12
Rural,Productivity,Quibus RP-65,1473,N,12
Rural,Productivity,Quibus RP-66,1474,N,12
Rural,Productivity,Quibus RP-67,1475,N,12
Rural,Productivity,Quibus RP-68,1476,N,12
Rural,Productivity,Quibus RP-69,1477,N,12
Rural,Productivity,Quibus RP-70,1478,N,12
Rural,Productivity,Quibus RP-71,1479,N,12
Rural,Productivity,Quibus RP-72,1480,N,12
Rural,Productivity,Quibus RP-73,1481,N,12
Rural,Productivity,Quibus RP-74,1482,N,12
Rural,Productivity,Quibus RP-75,1483,N,12
Rural,Productivity,Quibus RP-76,1484,N,12
Rural,Productivity,Quibus RP-77,1485,N,12
Rural,Productivity,Quibus RP-78,1486,N,12
Rural,Productivity,Quibus RP-79,1487,N,12
Rural,Productivity,Quibus RP-80,1488,N,12
Rural,Productivity,Quibus RP-81,1489,N,12
Rural,Productivity,Quibus RP-82,1490,N,12
Rural,Productivity,Quibus RP-83,1491,N,12
Rural,Productivity,Quibus RP-84,1492,N,12
Rural,Productivity,Quibus RP-85,1493,N,12
Rural,Productivity,Quibus RP-86,1494,N,12
Rural,Productivity,Quibus RP-87,1495,N,12
Rural,Productivity,Quibus RP-88,1496,N,12
Rural,Productivity,Quibus RP-89,1497,N,12
Rural,Productivity,Quibus RP-90,1498,N,12
Rural,Productivity,Quibus RP-91,1499,N,12
Rural,Productivity,Quibus RP-92,1500,N,12
Rural,Productivity,Quibus RP-93,1501,N,12
Rural,Productivity,Quibus RP-94,1502,N,12
Rural,Productivity,Quibus RP-95,1503,N,12
Rural,Productivity,Quibus RP-96,1504,N,12
Rural,Productivity,Quibus RP-97,1505,N,12
Rural,Productivity,Quibus RP-98,1506,N,12
Rural,Productivity,Quibus RP-99,1507,N,12
Rural,Productivity,Quibus RP-00,1508,N,12
Rural,Productivity,Quibus RP-01,1509,N,12
Rural,Productivity,Quibus RP-02,1510,N,12
Rural,Productivity,Quibus RP-03,1511,N,12
Rural,Productivity,Quibus RP-04,1512,N,12
Rural,Productivity,Quibus RP-05,1513,N,12
Rural,Productivity,Quibus RP-06,1514,N,12
Rural,Productivity,Quibus RP-07,1515,N,12
Rural,Productivity,Quibus RP-08,1516,N,12
Rural,Productivity,Quibus RP-09,1517,N,12
Rural,Productivity,Quibus RP-10,1518,N,12
Rural,Productivity,Quibus RP-11,1519,N,12
Rural,Productivity,Quibus RP-12,1520,N,12
Rural,Productivity,Quibus RP-13,1521,N,12
Rural,Productivity,Quibus RP-14,1522,N,12
Rural,Productivity,Quibus RP-15,1523,N,12
Rural,Productivity,Quibus RP-16,1524,N,12
Rural,Productivity,Quibus RP-17,1525,N,12
Rural,Productivity,Quibus RP-18,1526,N,12
Rural,Productivity,Quibus RP-19,1527,N,12
Rural,Productivity,Quibus RP-20,1528,N,12
Rural,Productivity,Quibus RP-21,1529,N,12
Rural,Productivity,Quibus RP-22,1530,N,12
Rural,Productivity,Quibus RP-23,1531,N,12
Rural,Productivity,Quibus RP-24,1532,N,12
Rural,Productivity,Quibus RP-25,1533,N,12
Rural,Productivity,Quibus RP-26,1534,N,12
Rural,Productivity,Quibus RP-27,1535,N,12
Rural,Productivity,Quibus RP-28,1536,N,12
Rural,Productivity,Quibus RP-29,1537,N,12
Rural,Productivity,Quibus RP-30,1538,N,12
Rural,Productivity,Quibus RP-31,1539,N,12
Rural,Productivity,Quibus RP-32,1540,N,12
Rural,Productivity,Quibus RP-33,1541,N,12
Rural,Productivity,Quibus RP-34,1542,N,12
Rural,Productivity,Quibus RP-35,1543,N,12
Rural,Productivity,Quibus RP-36,1544,N,12
Rural,Productivity,Quibus RP-37,1545,N,12
Rural,Productivity,Quibus RP-38,1546,N,12
Rural,Productivity,Quibus RP-39,1547,N,12
Rural,Productivity,Quibus RP-40,1548,N,12
Rural,Productivity,Quibus RP-41,1549,N,12
Rural,Productivity,Quibus RP-42,1550,N,12
Rural,Productivity,Quibus RP-43,1551,N,12
Rural,Productivity,Quibus RP-44,1552,N,12
Rural,Productivity,Quibus RP-45,1553,N,12
Rural,Productivity,Quibus RP-46,1554,N,12
Rural,Productivity,Quibus RP-47,1555,N,12
Rural,Productivity,Quibus RP-48,1556,N,12
Rural,Productivity,Quibus RP-49,1557,N,12
Rural,Productivity,Quibus RP-50,1558,N,12
Rural,Productivity,Quibus RP-51,1559,N,12
Rural,Productivity,Quibus RP-52,1560,N,12
Rural,Productivity,Quibus RP-53,1561,N,12
Rural,Productivity,Quibus RP-54,1562,N,12
Mix,Productivity,Quibus MP-01,1233,N,12
Mix,Productivity,Quibus MP-02,1234,N,12
Mix,Productivity,Quibus MP-03,1235,N,12
Mix,Productivity,Quibus MP-04,1236,N,12
Mix,Productivity,Quibus MP-05,1237,N,12
Mix,Productivity,Quibus MP-06,1238,N,12
Mix,Productivity,Quibus MP-07,1239,N,12
Mix,Productivity,Quibus MP-08,1240,N,12
Mix,Productivity,Quibus MP-09,1241,N,12
Mix,Productivity,Quibus MP-10,1242,N,12
Mix,Productivity,Quibus MP-11,1243,N,12
Mix,Productivity,Quibus MP-12,1244,N,12
Mix,Productivity,Quibus MP-13,1245,N,12
Mix,Productivity,Quibus MP-14,1246,N,12
Mix,Productivity,Quibus MP-15,1247,N,12
Mix,Productivity,Quibus MP-16,1248,N,12
Mix,Productivity,Quibus MP-17,1249,N,12
Mix,Productivity,Quibus MP-18,1250,N,12
Mix,Productivity,Quibus MP-19,1251,N,12
Mix,Productivity,Quibus MP-20,1252,N,12
Mix,Productivity,Quibus MP-21,1253,N,12
Mix,Productivity,Quibus MP-22,1254,N,12
Mix,Productivity,Quibus MP-23,1255,N,12
Mix,Productivity,Quibus MP-24,1256,N,12
Mix,Productivity,Quibus MP-25,1257,N,12
Mix,Productivity,Quibus MP-26,1258,N,12
Mix,Productivity,Quibus MP-27,1259,N,12
Mix,Productivity,Quibus MP-28,1260,N,12
Mix,Productivity,Quibus MP-29,1261,N,12
Mix,Productivity,Quibus MP-30,1262,N,12
Mix,Productivity,Quibus MP-31,1263,N,12
Mix,Productivity,Quibus MP-32,1264,N,12
